260904; 2025-01; 0; 5630 | AZURE_WESTEUROPE_Rapid_Response
260904; 2025-02; 0; 5630 | AZURE_WESTEUROPE_Rapid_Response
260904; 2025-03; 0; 5630 | AZURE_WESTEUROPE_Rapid_Response
260904; 2025-04; 0; 5630 | AZURE_WESTEUROPE_Rapid_Response
260904; 2025-05; -12465,43004; 5630 | AZURE_WESTEUROPE_Rapid_Response
260904; 2025-06; 0; 5630 | AZURE_WESTEUROPE_Rapid_Response
260904; 2025-07; 0; 5630 | AZURE_WESTEUROPE_Rapid_Response
260904; 2025-08; 0; 5630 | AZURE_WESTEUROPE_Rapid_Response
260904; 2025-09; 0; 5630 | AZURE_WESTEUROPE_Rapid_Response
260904; 2025-10; 0; 5630 | AZURE_WESTEUROPE_Rapid_Response
260904; 2025-11; 0; 5630 | AZURE_WESTEUROPE_Rapid_Response
260904; 2025-12; 0; 5630 | AZURE_WESTEUROPE_Rapid_Response
260222; 2025-01; 0; 5793 | 2.ter Tenant DHL
260222; 2025-02; 0; 5793 | 2.ter Tenant DHL
260222; 2025-03; 0; 5793 | 2.ter Tenant DHL
260222; 2025-04; 1614,010014; 5793 | 2.ter Tenant DHL
260222; 2025-05; 10611,09004; 5793 | 2.ter Tenant DHL
260222; 2025-06; 1500,000029; 5793 | 2.ter Tenant DHL
260222; 2025-07; 1500,000029; 5793 | 2.ter Tenant DHL
260222; 2025-08; 1500,000029; 5793 | 2.ter Tenant DHL
260222; 2025-09; 1500,000029; 5793 | 2.ter Tenant DHL
260222; 2025-10; 1500,000029; 5793 | 2.ter Tenant DHL
260222; 2025-11; 1500,000029; 5793 | 2.ter Tenant DHL
260222; 2025-12; 1500,000029; 5793 | 2.ter Tenant DHL
260025; 2025-01; 0; 5785 | Technisches Enablement von GenAI@P&P NPI - Run Mehraufw�nde
260025; 2025-02; 0; 5785 | Technisches Enablement von GenAI@P&P NPI - Run Mehraufw�nde
260025; 2025-03; 0; 5785 | Technisches Enablement von GenAI@P&P NPI - Run Mehraufw�nde
260025; 2025-04; -11056,03629; 5785 | Technisches Enablement von GenAI@P&P NPI - Run Mehraufw�nde
260025; 2025-05; 0; 5785 | Technisches Enablement von GenAI@P&P NPI - Run Mehraufw�nde
260025; 2025-06; 0; 5785 | Technisches Enablement von GenAI@P&P NPI - Run Mehraufw�nde
260025; 2025-07; 0; 5785 | Technisches Enablement von GenAI@P&P NPI - Run Mehraufw�nde
260025; 2025-08; 0; 5785 | Technisches Enablement von GenAI@P&P NPI - Run Mehraufw�nde
260025; 2025-09; 0; 5785 | Technisches Enablement von GenAI@P&P NPI - Run Mehraufw�nde
260025; 2025-10; 0; 5785 | Technisches Enablement von GenAI@P&P NPI - Run Mehraufw�nde
260025; 2025-11; 11056,03629; 5785 | Technisches Enablement von GenAI@P&P NPI - Run Mehraufw�nde
260025; 2025-12; 0; 5785 | Technisches Enablement von GenAI@P&P NPI - Run Mehraufw�nde
259884; 2025-01; 0; 19C-4610_M7C_ITS | POC_Google_Projekt | 19C-4610_M7C_ITS | POC_Google_Projekt
259884; 2025-02; 0; 19C-4610_M7C_ITS | POC_Google_Projekt | 19C-4610_M7C_ITS | POC_Google_Projekt
259884; 2025-03; 0; 19C-4610_M7C_ITS | POC_Google_Projekt | 19C-4610_M7C_ITS | POC_Google_Projekt
259884; 2025-04; -1328,99; 19C-4610_M7C_ITS | POC_Google_Projekt | 19C-4610_M7C_ITS | POC_Google_Projekt
259884; 2025-05; -1329; 19C-4610_M7C_ITS | POC_Google_Projekt | 19C-4610_M7C_ITS | POC_Google_Projekt
259884; 2025-06; -1329; 19C-4610_M7C_ITS | POC_Google_Projekt | 19C-4610_M7C_ITS | POC_Google_Projekt
259884; 2025-07; -1329; 19C-4610_M7C_ITS | POC_Google_Projekt | 19C-4610_M7C_ITS | POC_Google_Projekt
259884; 2025-08; -1329; 19C-4610_M7C_ITS | POC_Google_Projekt | 19C-4610_M7C_ITS | POC_Google_Projekt
259884; 2025-09; -1329; 19C-4610_M7C_ITS | POC_Google_Projekt | 19C-4610_M7C_ITS | POC_Google_Projekt
259884; 2025-10; 0; 19C-4610_M7C_ITS | POC_Google_Projekt | 19C-4610_M7C_ITS | POC_Google_Projekt
259884; 2025-11; 0; 19C-4610_M7C_ITS | POC_Google_Projekt | 19C-4610_M7C_ITS | POC_Google_Projekt
259884; 2025-12; 7973,99; 19C-4610_M7C_ITS | POC_Google_Projekt | 19C-4610_M7C_ITS | POC_Google_Projekt
259337; 2025-01; -1589,680052; 5819 | Azure_Fastlane_Support
259337; 2025-02; -1589,690014; 5819 | Azure_Fastlane_Support
259337; 2025-03; -1589,690014; 5819 | Azure_Fastlane_Support
259337; 2025-04; 1888,54998; 5819 | Azure_Fastlane_Support
259337; 2025-05; 360,0599869; 5819 | Azure_Fastlane_Support
259337; 2025-06; 360,0599869; 5819 | Azure_Fastlane_Support
259337; 2025-07; 360,0599869; 5819 | Azure_Fastlane_Support
259337; 2025-08; 360,0599869; 5819 | Azure_Fastlane_Support
259337; 2025-09; 360,0599869; 5819 | Azure_Fastlane_Support
259337; 2025-10; 360,0599869; 5819 | Azure_Fastlane_Support
259337; 2025-11; 360,0599869; 5819 | Azure_Fastlane_Support
259337; 2025-12; 360,089979; 5819 | Azure_Fastlane_Support
259336; 2025-01; 0; 5634 | Azure Connectivity Express Route Direct
259336; 2025-02; 0; 5634 | Azure Connectivity Express Route Direct
259336; 2025-03; 0; 5634 | Azure Connectivity Express Route Direct
259336; 2025-04; 0; 5634 | Azure Connectivity Express Route Direct
259336; 2025-05; -9999,999979; 5634 | Azure Connectivity Express Route Direct
259336; 2025-06; -9999,999979; 5634 | Azure Connectivity Express Route Direct
259336; 2025-07; -9999,999979; 5634 | Azure Connectivity Express Route Direct
259336; 2025-08; -9999,999979; 5634 | Azure Connectivity Express Route Direct
259336; 2025-09; -9999,999979; 5634 | Azure Connectivity Express Route Direct
259336; 2025-10; 0; 5634 | Azure Connectivity Express Route Direct
259336; 2025-11; 0; 5634 | Azure Connectivity Express Route Direct
259336; 2025-12; 0; 5634 | Azure Connectivity Express Route Direct
259335; 2025-01; 0,050022182; 5634 | Azure Connectivity Express Route Direct
259335; 2025-02; 0,050022182; 5634 | Azure Connectivity Express Route Direct
259335; 2025-03; 0,050022182; 5634 | Azure Connectivity Express Route Direct
259335; 2025-04; -14031,98998; 5634 | Azure Connectivity Express Route Direct
259335; 2025-05; 1753,980029; 5634 | Azure Connectivity Express Route Direct
259335; 2025-06; 1753,980029; 5634 | Azure Connectivity Express Route Direct
259335; 2025-07; 1753,980029; 5634 | Azure Connectivity Express Route Direct
259335; 2025-08; 1753,980029; 5634 | Azure Connectivity Express Route Direct
259335; 2025-09; 1753,980029; 5634 | Azure Connectivity Express Route Direct
259335; 2025-10; 1753,980029; 5634 | Azure Connectivity Express Route Direct
259335; 2025-11; 1753,980029; 5634 | Azure Connectivity Express Route Direct
259335; 2025-12; 1753,980029; 5634 | Azure Connectivity Express Route Direct
259334; 2025-01; 0; 5576 | AZURE_CAAS_PI
259334; 2025-02; 0; 5576 | AZURE_CAAS_PI
259334; 2025-03; 0; 5576 | AZURE_CAAS_PI
259334; 2025-04; 4043,210022; 5576 | AZURE_CAAS_PI
259334; 2025-05; 0; 5576 | AZURE_CAAS_PI
259334; 2025-06; 0; 5576 | AZURE_CAAS_PI
259334; 2025-07; 0; 5576 | AZURE_CAAS_PI
259334; 2025-08; 0; 5576 | AZURE_CAAS_PI
259334; 2025-09; 0; 5576 | AZURE_CAAS_PI
259334; 2025-10; 0; 5576 | AZURE_CAAS_PI
259334; 2025-11; 0; 5576 | AZURE_CAAS_PI
259334; 2025-12; 0; 5576 | AZURE_CAAS_PI
259332; 2025-01; 0; 5506 | AZURE_CAAS_NPI
259332; 2025-02; 0; 5506 | AZURE_CAAS_NPI
259332; 2025-03; 0; 5506 | AZURE_CAAS_NPI
259332; 2025-04; 3793,730004; 5506 | AZURE_CAAS_NPI
259332; 2025-05; 0; 5506 | AZURE_CAAS_NPI
259332; 2025-06; 0; 5506 | AZURE_CAAS_NPI
259332; 2025-07; 0; 5506 | AZURE_CAAS_NPI
259332; 2025-08; 0; 5506 | AZURE_CAAS_NPI
259332; 2025-09; 0; 5506 | AZURE_CAAS_NPI
259332; 2025-10; 0; 5506 | AZURE_CAAS_NPI
259332; 2025-11; 0; 5506 | AZURE_CAAS_NPI
259332; 2025-12; 0; 5506 | AZURE_CAAS_NPI
259331; 2025-01; 0; 5440 | AZURE_WESTEUROPE_NATIVE_CCC
259331; 2025-02; 0; 5440 | AZURE_WESTEUROPE_NATIVE_CCC
259331; 2025-03; 0; 5440 | AZURE_WESTEUROPE_NATIVE_CCC
259331; 2025-04; -29,01000435; 5440 | AZURE_WESTEUROPE_NATIVE_CCC
259331; 2025-05; 3,620037514; 5440 | AZURE_WESTEUROPE_NATIVE_CCC
259331; 2025-06; 3,620037514; 5440 | AZURE_WESTEUROPE_NATIVE_CCC
259331; 2025-07; 3,620037514; 5440 | AZURE_WESTEUROPE_NATIVE_CCC
259331; 2025-08; 3,620037514; 5440 | AZURE_WESTEUROPE_NATIVE_CCC
259331; 2025-09; 3,620037514; 5440 | AZURE_WESTEUROPE_NATIVE_CCC
259331; 2025-10; 3,620037514; 5440 | AZURE_WESTEUROPE_NATIVE_CCC
259331; 2025-11; 3,620037514; 5440 | AZURE_WESTEUROPE_NATIVE_CCC
259331; 2025-12; 3,669953717; 5440 | AZURE_WESTEUROPE_NATIVE_CCC
259330; 2025-01; 0; 5413 | AZURE_WESTEUROPE_Connectivity_NPI
259330; 2025-02; 0; 5413 | AZURE_WESTEUROPE_Connectivity_NPI
259330; 2025-03; 0; 5413 | AZURE_WESTEUROPE_Connectivity_NPI
259330; 2025-04; -35,48999656; 5413 | AZURE_WESTEUROPE_Connectivity_NPI
259330; 2025-05; 4,439998584; 5413 | AZURE_WESTEUROPE_Connectivity_NPI
259330; 2025-06; 4,439998584; 5413 | AZURE_WESTEUROPE_Connectivity_NPI
259330; 2025-07; 4,439998584; 5413 | AZURE_WESTEUROPE_Connectivity_NPI
259330; 2025-08; 4,439998584; 5413 | AZURE_WESTEUROPE_Connectivity_NPI
259330; 2025-09; 4,439998584; 5413 | AZURE_WESTEUROPE_Connectivity_NPI
259330; 2025-10; 4,439998584; 5413 | AZURE_WESTEUROPE_Connectivity_NPI
259330; 2025-11; 4,439998584; 5413 | AZURE_WESTEUROPE_Connectivity_NPI
259330; 2025-12; 4,41000647; 5413 | AZURE_WESTEUROPE_Connectivity_NPI
259329; 2025-01; 0,029992114; 5410 | AZURE_WESTEUROPE_Connectivity_PI
259329; 2025-02; 0,029992114; 5410 | AZURE_WESTEUROPE_Connectivity_PI
259329; 2025-03; 0,029992114; 5410 | AZURE_WESTEUROPE_Connectivity_PI
259329; 2025-04; 1961,059995; 5410 | AZURE_WESTEUROPE_Connectivity_PI
259329; 2025-05; -245,1399576; 5410 | AZURE_WESTEUROPE_Connectivity_PI
259329; 2025-06; -245,1399576; 5410 | AZURE_WESTEUROPE_Connectivity_PI
259329; 2025-07; -245,1399576; 5410 | AZURE_WESTEUROPE_Connectivity_PI
259329; 2025-08; -245,1399576; 5410 | AZURE_WESTEUROPE_Connectivity_PI
259329; 2025-09; -245,1399576; 5410 | AZURE_WESTEUROPE_Connectivity_PI
259329; 2025-10; -245,1399576; 5410 | AZURE_WESTEUROPE_Connectivity_PI
259329; 2025-11; -245,1399576; 5410 | AZURE_WESTEUROPE_Connectivity_PI
259329; 2025-12; -245,1399576; 5410 | AZURE_WESTEUROPE_Connectivity_PI
259327; 2025-01; 0,029992114; 5409 | AZURE_WESTEUROPE_AMS_PI_DMZ
259327; 2025-02; 0,029992114; 5409 | AZURE_WESTEUROPE_AMS_PI_DMZ
259327; 2025-03; 0,029992114; 5409 | AZURE_WESTEUROPE_AMS_PI_DMZ
259327; 2025-04; 1910,519998; 5409 | AZURE_WESTEUROPE_AMS_PI_DMZ
259327; 2025-05; -238,8299561; 5409 | AZURE_WESTEUROPE_AMS_PI_DMZ
259327; 2025-06; -238,8299561; 5409 | AZURE_WESTEUROPE_AMS_PI_DMZ
259327; 2025-07; -238,8299561; 5409 | AZURE_WESTEUROPE_AMS_PI_DMZ
259327; 2025-08; -238,8299561; 5409 | AZURE_WESTEUROPE_AMS_PI_DMZ
259327; 2025-09; -238,8299561; 5409 | AZURE_WESTEUROPE_AMS_PI_DMZ
259327; 2025-10; -238,8299561; 5409 | AZURE_WESTEUROPE_AMS_PI_DMZ
259327; 2025-11; -238,8299561; 5409 | AZURE_WESTEUROPE_AMS_PI_DMZ
259327; 2025-12; -238,7999639; 5409 | AZURE_WESTEUROPE_AMS_PI_DMZ
259326; 2025-01; 0,020030069; 5408 | AZURE_WESTEUROPE_AMS_NPI_DMZ
259326; 2025-02; 0,020030069; 5408 | AZURE_WESTEUROPE_AMS_NPI_DMZ
259326; 2025-03; 0,020030069; 5408 | AZURE_WESTEUROPE_AMS_NPI_DMZ
259326; 2025-04; -4006,040043; 5408 | AZURE_WESTEUROPE_AMS_NPI_DMZ
259326; 2025-05; 500,7500243; 5408 | AZURE_WESTEUROPE_AMS_NPI_DMZ
259326; 2025-06; 500,7500243; 5408 | AZURE_WESTEUROPE_AMS_NPI_DMZ
259326; 2025-07; 500,7500243; 5408 | AZURE_WESTEUROPE_AMS_NPI_DMZ
259326; 2025-08; 500,7500243; 5408 | AZURE_WESTEUROPE_AMS_NPI_DMZ
259326; 2025-09; 500,7500243; 5408 | AZURE_WESTEUROPE_AMS_NPI_DMZ
259326; 2025-10; 500,7500243; 5408 | AZURE_WESTEUROPE_AMS_NPI_DMZ
259326; 2025-11; 500,7500243; 5408 | AZURE_WESTEUROPE_AMS_NPI_DMZ
259326; 2025-12; 500,7299943; 5408 | AZURE_WESTEUROPE_AMS_NPI_DMZ
259325; 2025-01; 0; 5400 | AZURE_WESTEUROPE_AD
259325; 2025-02; 0,009962045; 5400 | AZURE_WESTEUROPE_AD
259325; 2025-03; 0,009962045; 5400 | AZURE_WESTEUROPE_AD
259325; 2025-04; 139,0700394; 5400 | AZURE_WESTEUROPE_AD
259325; 2025-05; -17,39002095; 5400 | AZURE_WESTEUROPE_AD
259325; 2025-06; -17,39002095; 5400 | AZURE_WESTEUROPE_AD
259325; 2025-07; -17,39002095; 5400 | AZURE_WESTEUROPE_AD
259325; 2025-08; -17,39002095; 5400 | AZURE_WESTEUROPE_AD
259325; 2025-09; -17,39002095; 5400 | AZURE_WESTEUROPE_AD
259325; 2025-10; -17,39002095; 5400 | AZURE_WESTEUROPE_AD
259325; 2025-11; -17,39002095; 5400 | AZURE_WESTEUROPE_AD
259325; 2025-12; -17,36002884; 5400 | AZURE_WESTEUROPE_AD
259323; 2025-01; 0,029992114; 5397 | AZURE_WESTEUROPE_AMS_NPI_BU1
259323; 2025-02; 0,029992114; 5397 | AZURE_WESTEUROPE_AMS_NPI_BU1
259323; 2025-03; 0,029992114; 5397 | AZURE_WESTEUROPE_AMS_NPI_BU1
259323; 2025-04; 369,8699515; 5397 | AZURE_WESTEUROPE_AMS_NPI_BU1
259323; 2025-05; -46,24995876; 5397 | AZURE_WESTEUROPE_AMS_NPI_BU1
259323; 2025-06; -46,24995876; 5397 | AZURE_WESTEUROPE_AMS_NPI_BU1
259323; 2025-07; -46,24995876; 5397 | AZURE_WESTEUROPE_AMS_NPI_BU1
259323; 2025-08; -46,24995876; 5397 | AZURE_WESTEUROPE_AMS_NPI_BU1
259323; 2025-09; -46,24995876; 5397 | AZURE_WESTEUROPE_AMS_NPI_BU1
259323; 2025-10; -46,24995876; 5397 | AZURE_WESTEUROPE_AMS_NPI_BU1
259323; 2025-11; -46,24995876; 5397 | AZURE_WESTEUROPE_AMS_NPI_BU1
259323; 2025-12; -46,2100046; 5397 | AZURE_WESTEUROPE_AMS_NPI_BU1
259320; 2025-01; 0,059984227; 5396 | AZURE_WESTEUROPE_AMS_PI_BU1
259320; 2025-02; 0,080014296; 5396 | AZURE_WESTEUROPE_AMS_PI_BU1
259320; 2025-03; 0,059984227; 5396 | AZURE_WESTEUROPE_AMS_PI_BU1
259320; 2025-04; -2528,469982; 5396 | AZURE_WESTEUROPE_AMS_PI_BU1
259320; 2025-05; 316,0299744; 5396 | AZURE_WESTEUROPE_AMS_PI_BU1
259320; 2025-06; 316,0299744; 5396 | AZURE_WESTEUROPE_AMS_PI_BU1
259320; 2025-07; 316,0299744; 5396 | AZURE_WESTEUROPE_AMS_PI_BU1
259320; 2025-08; 316,0299744; 5396 | AZURE_WESTEUROPE_AMS_PI_BU1
259320; 2025-09; 316,0299744; 5396 | AZURE_WESTEUROPE_AMS_PI_BU1
259320; 2025-10; 316,0400424; 5396 | AZURE_WESTEUROPE_AMS_PI_BU1
259320; 2025-11; 316,0400424; 5396 | AZURE_WESTEUROPE_AMS_PI_BU1
259320; 2025-12; 316,0400424; 5396 | AZURE_WESTEUROPE_AMS_PI_BU1
259315; 2025-01; 0; 5315 | Azure-MPS Global
259315; 2025-02; 0; 5315 | Azure-MPS Global
259315; 2025-03; 0; 5315 | Azure-MPS Global
259315; 2025-04; -24774,93997; 5315 | Azure-MPS Global
259315; 2025-05; 3096,870027; 5315 | Azure-MPS Global
259315; 2025-06; 3096,870027; 5315 | Azure-MPS Global
259315; 2025-07; 3096,870027; 5315 | Azure-MPS Global
259315; 2025-08; 3096,870027; 5315 | Azure-MPS Global
259315; 2025-09; 3096,870027; 5315 | Azure-MPS Global
259315; 2025-10; 3096,870027; 5315 | Azure-MPS Global
259315; 2025-11; 3096,859959; 5315 | Azure-MPS Global
259315; 2025-12; 3096,859959; 5315 | Azure-MPS Global
258175; 2025-01; 0; 5440 | AZURE_WESTEUROPE_NATIVE_CCC
258175; 2025-02; 0; 5440 | AZURE_WESTEUROPE_NATIVE_CCC
258175; 2025-03; 81,80534448; 5440 | AZURE_WESTEUROPE_NATIVE_CCC
258175; 2025-04; -9,14600496; 5440 | AZURE_WESTEUROPE_NATIVE_CCC
258175; 2025-05; -9,08241744; 5440 | AZURE_WESTEUROPE_NATIVE_CCC
258175; 2025-06; -9,08241744; 5440 | AZURE_WESTEUROPE_NATIVE_CCC
258175; 2025-07; -9,08241744; 5440 | AZURE_WESTEUROPE_NATIVE_CCC
258175; 2025-08; -9,08241744; 5440 | AZURE_WESTEUROPE_NATIVE_CCC
258175; 2025-09; -9,08241744; 5440 | AZURE_WESTEUROPE_NATIVE_CCC
258175; 2025-10; -9,08241744; 5440 | AZURE_WESTEUROPE_NATIVE_CCC
258175; 2025-11; -9,08241744; 5440 | AZURE_WESTEUROPE_NATIVE_CCC
258175; 2025-12; -9,08241744; 5440 | AZURE_WESTEUROPE_NATIVE_CCC
258174; 2025-01; 0,03179376; 5409 | AZURE_WESTEUROPE_AMS_PI_DMZ
258174; 2025-02; 0; 5409 | AZURE_WESTEUROPE_AMS_PI_DMZ
258174; 2025-03; 1609,495512; 5409 | AZURE_WESTEUROPE_AMS_PI_DMZ
258174; 2025-04; -178,8928896; 5409 | AZURE_WESTEUROPE_AMS_PI_DMZ
258174; 2025-05; -178,8293021; 5409 | AZURE_WESTEUROPE_AMS_PI_DMZ
258174; 2025-06; -178,8293021; 5409 | AZURE_WESTEUROPE_AMS_PI_DMZ
258174; 2025-07; -178,8293021; 5409 | AZURE_WESTEUROPE_AMS_PI_DMZ
258174; 2025-08; -178,8293021; 5409 | AZURE_WESTEUROPE_AMS_PI_DMZ
258174; 2025-09; -178,8293021; 5409 | AZURE_WESTEUROPE_AMS_PI_DMZ
258174; 2025-10; -178,8293021; 5409 | AZURE_WESTEUROPE_AMS_PI_DMZ
258174; 2025-11; -178,8293021; 5409 | AZURE_WESTEUROPE_AMS_PI_DMZ
258174; 2025-12; -178,8293021; 5409 | AZURE_WESTEUROPE_AMS_PI_DMZ
258172; 2025-01; 0; 5397 | AZURE_WESTEUROPE_AMS_NPI_BU1
258172; 2025-02; 0; 5397 | AZURE_WESTEUROPE_AMS_NPI_BU1
258172; 2025-03; 1459,503151; 5397 | AZURE_WESTEUROPE_AMS_NPI_BU1
258172; 2025-04; -162,148176; 5397 | AZURE_WESTEUROPE_AMS_NPI_BU1
258172; 2025-05; -162,1693718; 5397 | AZURE_WESTEUROPE_AMS_NPI_BU1
258172; 2025-06; -162,1693718; 5397 | AZURE_WESTEUROPE_AMS_NPI_BU1
258172; 2025-07; -162,1693718; 5397 | AZURE_WESTEUROPE_AMS_NPI_BU1
258172; 2025-08; -162,1693718; 5397 | AZURE_WESTEUROPE_AMS_NPI_BU1
258172; 2025-09; -162,1693718; 5397 | AZURE_WESTEUROPE_AMS_NPI_BU1
258172; 2025-10; -162,1693718; 5397 | AZURE_WESTEUROPE_AMS_NPI_BU1
258172; 2025-11; -162,1693718; 5397 | AZURE_WESTEUROPE_AMS_NPI_BU1
258172; 2025-12; -162,1693718; 5397 | AZURE_WESTEUROPE_AMS_NPI_BU1
258170; 2025-01; 0; 5413 | AZURE_WESTEUROPE_Connectivity_NPI
258170; 2025-02; 0; 5413 | AZURE_WESTEUROPE_Connectivity_NPI
258170; 2025-03; -27,05648976; 5413 | AZURE_WESTEUROPE_Connectivity_NPI
258170; 2025-04; 3,06279888; 5413 | AZURE_WESTEUROPE_Connectivity_NPI
258170; 2025-05; 2,99921136; 5413 | AZURE_WESTEUROPE_Connectivity_NPI
258170; 2025-06; 2,99921136; 5413 | AZURE_WESTEUROPE_Connectivity_NPI
258170; 2025-07; 2,99921136; 5413 | AZURE_WESTEUROPE_Connectivity_NPI
258170; 2025-08; 2,99921136; 5413 | AZURE_WESTEUROPE_Connectivity_NPI
258170; 2025-09; 2,99921136; 5413 | AZURE_WESTEUROPE_Connectivity_NPI
258170; 2025-10; 2,99921136; 5413 | AZURE_WESTEUROPE_Connectivity_NPI
258170; 2025-11; 2,99921136; 5413 | AZURE_WESTEUROPE_Connectivity_NPI
258170; 2025-12; 2,99921136; 5413 | AZURE_WESTEUROPE_Connectivity_NPI
258159; 2025-01; 0; 5408 | AZURE_WESTEUROPE_AMS_NPI_DMZ
258159; 2025-02; 0; 5408 | AZURE_WESTEUROPE_AMS_NPI_DMZ
258159; 2025-03; -8703,5418; 5408 | AZURE_WESTEUROPE_AMS_NPI_DMZ
258159; 2025-04; 0; 5408 | AZURE_WESTEUROPE_AMS_NPI_DMZ
258159; 2025-05; 0; 5408 | AZURE_WESTEUROPE_AMS_NPI_DMZ
258159; 2025-06; 0; 5408 | AZURE_WESTEUROPE_AMS_NPI_DMZ
258159; 2025-07; 0; 5408 | AZURE_WESTEUROPE_AMS_NPI_DMZ
258159; 2025-08; 0; 5408 | AZURE_WESTEUROPE_AMS_NPI_DMZ
258159; 2025-09; 0; 5408 | AZURE_WESTEUROPE_AMS_NPI_DMZ
258159; 2025-10; 0; 5408 | AZURE_WESTEUROPE_AMS_NPI_DMZ
258159; 2025-11; 0; 5408 | AZURE_WESTEUROPE_AMS_NPI_DMZ
258159; 2025-12; 0; 5408 | AZURE_WESTEUROPE_AMS_NPI_DMZ
258157; 2025-01; 0,02119584; 5408 | AZURE_WESTEUROPE_AMS_NPI_DMZ
258157; 2025-02; 0,01059792; 5408 | AZURE_WESTEUROPE_AMS_NPI_DMZ
258157; 2025-03; 4351,7709; 5408 | AZURE_WESTEUROPE_AMS_NPI_DMZ
258157; 2025-04; -483,5618938; 5408 | AZURE_WESTEUROPE_AMS_NPI_DMZ
258157; 2025-05; -483,5301; 5408 | AZURE_WESTEUROPE_AMS_NPI_DMZ
258157; 2025-06; -483,5301; 5408 | AZURE_WESTEUROPE_AMS_NPI_DMZ
258157; 2025-07; -483,5301; 5408 | AZURE_WESTEUROPE_AMS_NPI_DMZ
258157; 2025-08; -483,5301; 5408 | AZURE_WESTEUROPE_AMS_NPI_DMZ
258157; 2025-09; -483,5301; 5408 | AZURE_WESTEUROPE_AMS_NPI_DMZ
258157; 2025-10; -483,5301; 5408 | AZURE_WESTEUROPE_AMS_NPI_DMZ
258157; 2025-11; -483,5301; 5408 | AZURE_WESTEUROPE_AMS_NPI_DMZ
258157; 2025-12; -483,5301; 5408 | AZURE_WESTEUROPE_AMS_NPI_DMZ
258155; 2025-01; 0; 5410 | AZURE_WESTEUROPE_Connectivity_PI
258155; 2025-02; 0; 5410 | AZURE_WESTEUROPE_Connectivity_PI
258155; 2025-03; 2686,339566; 5410 | AZURE_WESTEUROPE_Connectivity_PI
258155; 2025-04; -298,5010147; 5410 | AZURE_WESTEUROPE_Connectivity_PI
258155; 2025-05; -298,4798189; 5410 | AZURE_WESTEUROPE_Connectivity_PI
258155; 2025-06; -298,4798189; 5410 | AZURE_WESTEUROPE_Connectivity_PI
258155; 2025-07; -298,4798189; 5410 | AZURE_WESTEUROPE_Connectivity_PI
258155; 2025-08; -298,4798189; 5410 | AZURE_WESTEUROPE_Connectivity_PI
258155; 2025-09; -298,4798189; 5410 | AZURE_WESTEUROPE_Connectivity_PI
258155; 2025-10; -298,4798189; 5410 | AZURE_WESTEUROPE_Connectivity_PI
258155; 2025-11; -298,4798189; 5410 | AZURE_WESTEUROPE_Connectivity_PI
258155; 2025-12; -298,4798189; 5410 | AZURE_WESTEUROPE_Connectivity_PI
258153; 2025-01; 0,01059792; 5400 | AZURE_WESTEUROPE_AD
258153; 2025-02; 0,01059792; 5400 | AZURE_WESTEUROPE_AD
258153; 2025-03; 498,2824046; 5400 | AZURE_WESTEUROPE_AD
258153; 2025-04; -55,39532784; 5400 | AZURE_WESTEUROPE_AD
258153; 2025-05; -55,36353408; 5400 | AZURE_WESTEUROPE_AD
258153; 2025-06; -55,36353408; 5400 | AZURE_WESTEUROPE_AD
258153; 2025-07; -55,36353408; 5400 | AZURE_WESTEUROPE_AD
258153; 2025-08; -55,36353408; 5400 | AZURE_WESTEUROPE_AD
258153; 2025-09; -55,36353408; 5400 | AZURE_WESTEUROPE_AD
258153; 2025-10; -55,36353408; 5400 | AZURE_WESTEUROPE_AD
258153; 2025-11; -55,36353408; 5400 | AZURE_WESTEUROPE_AD
258153; 2025-12; -55,36353408; 5400 | AZURE_WESTEUROPE_AD
258148; 2025-01; 0; 5315 | Azure-MPS Global
258148; 2025-02; 0; 5315 | Azure-MPS Global
258148; 2025-03; 4963,313276; 5315 | Azure-MPS Global
258148; 2025-04; -551,4415714; 5315 | Azure-MPS Global
258148; 2025-05; -551,483963; 5315 | Azure-MPS Global
258148; 2025-06; -551,483963; 5315 | Azure-MPS Global
258148; 2025-07; -551,483963; 5315 | Azure-MPS Global
258148; 2025-08; -551,483963; 5315 | Azure-MPS Global
258148; 2025-09; -551,483963; 5315 | Azure-MPS Global
258148; 2025-10; -551,483963; 5315 | Azure-MPS Global
258148; 2025-11; -551,483963; 5315 | Azure-MPS Global
258148; 2025-12; -551,483963; 5315 | Azure-MPS Global
258142; 2025-01; 0,04239168; 5634 | Azure Connectivity Express Route Direct
258142; 2025-02; 0,04239168; 5634 | Azure Connectivity Express Route Direct
258142; 2025-03; -11802,416; 5634 | Azure Connectivity Express Route Direct
258142; 2025-04; 1311,407817; 5634 | Azure Connectivity Express Route Direct
258142; 2025-05; 1311,365425; 5634 | Azure Connectivity Express Route Direct
258142; 2025-06; 1311,365425; 5634 | Azure Connectivity Express Route Direct
258142; 2025-07; 1311,365425; 5634 | Azure Connectivity Express Route Direct
258142; 2025-08; 1311,365425; 5634 | Azure Connectivity Express Route Direct
258142; 2025-09; 1311,365425; 5634 | Azure Connectivity Express Route Direct
258142; 2025-10; 1311,365425; 5634 | Azure Connectivity Express Route Direct
258142; 2025-11; 1311,365425; 5634 | Azure Connectivity Express Route Direct
258142; 2025-12; 1311,365425; 5634 | Azure Connectivity Express Route Direct
258110; 2025-01; 0; 5785 | Technisches Enablement von GenAI@P&P NPI - Run Mehraufw�nde
258110; 2025-02; 0; 5785 | Technisches Enablement von GenAI@P&P NPI - Run Mehraufw�nde
258110; 2025-03; -6654,614133; 5785 | Technisches Enablement von GenAI@P&P NPI - Run Mehraufw�nde
258110; 2025-04; 3475,238133; 5785 | Technisches Enablement von GenAI@P&P NPI - Run Mehraufw�nde
258110; 2025-05; 0; 5785 | Technisches Enablement von GenAI@P&P NPI - Run Mehraufw�nde
258110; 2025-06; 0; 5785 | Technisches Enablement von GenAI@P&P NPI - Run Mehraufw�nde
258110; 2025-07; 0; 5785 | Technisches Enablement von GenAI@P&P NPI - Run Mehraufw�nde
258110; 2025-08; 0; 5785 | Technisches Enablement von GenAI@P&P NPI - Run Mehraufw�nde
258110; 2025-09; 0; 5785 | Technisches Enablement von GenAI@P&P NPI - Run Mehraufw�nde
258110; 2025-10; 0; 5785 | Technisches Enablement von GenAI@P&P NPI - Run Mehraufw�nde
258110; 2025-11; 3179,376; 5785 | Technisches Enablement von GenAI@P&P NPI - Run Mehraufw�nde
258110; 2025-12; 0; 5785 | Technisches Enablement von GenAI@P&P NPI - Run Mehraufw�nde
257627; 2025-01; -67642,54999; 5630 | AZURE_WESTEUROPE_Rapid_Response
257627; 2025-02; 0; 5630 | AZURE_WESTEUROPE_Rapid_Response
257627; 2025-03; 67642,49; 5630 | AZURE_WESTEUROPE_Rapid_Response
257627; 2025-04; 0; 5630 | AZURE_WESTEUROPE_Rapid_Response
257627; 2025-05; -349731,36; 5630 | AZURE_WESTEUROPE_Rapid_Response
257627; 2025-06; 0; 5630 | AZURE_WESTEUROPE_Rapid_Response
257627; 2025-07; 349731,36; 5630 | AZURE_WESTEUROPE_Rapid_Response
257627; 2025-08; 0; 5630 | AZURE_WESTEUROPE_Rapid_Response
257627; 2025-09; 0; 5630 | AZURE_WESTEUROPE_Rapid_Response
257627; 2025-10; 0; 5630 | AZURE_WESTEUROPE_Rapid_Response
257627; 2025-11; 0; 5630 | AZURE_WESTEUROPE_Rapid_Response
257627; 2025-12; 0; 5630 | AZURE_WESTEUROPE_Rapid_Response
257624; 2025-01; 38606,27996; 5634 | Azure Connectivity Express Route Direct
257624; 2025-02; 38606,27996; 5634 | Azure Connectivity Express Route Direct
257624; 2025-03; 38606,27996; 5634 | Azure Connectivity Express Route Direct
257624; 2025-04; 38606,27996; 5634 | Azure Connectivity Express Route Direct
257624; 2025-05; 38606,27996; 5634 | Azure Connectivity Express Route Direct
257624; 2025-06; 38606,27996; 5634 | Azure Connectivity Express Route Direct
257624; 2025-07; 38606,27996; 5634 | Azure Connectivity Express Route Direct
257624; 2025-08; 38606,27996; 5634 | Azure Connectivity Express Route Direct
257624; 2025-09; 38606,27996; 5634 | Azure Connectivity Express Route Direct
257624; 2025-10; 38606,27996; 5634 | Azure Connectivity Express Route Direct
257624; 2025-11; 38606,27996; 5634 | Azure Connectivity Express Route Direct
257624; 2025-12; 38606,27996; 5634 | Azure Connectivity Express Route Direct
257623; 2025-01; -38606,32998; 5634 | Azure Connectivity Express Route Direct
257623; 2025-02; -38606,32998; 5634 | Azure Connectivity Express Route Direct
257623; 2025-03; -38606,32998; 5634 | Azure Connectivity Express Route Direct
257623; 2025-04; -38606,32998; 5634 | Azure Connectivity Express Route Direct
257623; 2025-05; -38606,32998; 5634 | Azure Connectivity Express Route Direct
257623; 2025-06; -38606,32998; 5634 | Azure Connectivity Express Route Direct
257623; 2025-07; -38606,32998; 5634 | Azure Connectivity Express Route Direct
257623; 2025-08; -38606,32998; 5634 | Azure Connectivity Express Route Direct
257623; 2025-09; -38606,32998; 5634 | Azure Connectivity Express Route Direct
257623; 2025-10; -38606,32998; 5634 | Azure Connectivity Express Route Direct
257623; 2025-11; -38606,32998; 5634 | Azure Connectivity Express Route Direct
257623; 2025-12; -38606,32998; 5634 | Azure Connectivity Express Route Direct
257622; 2025-01; 18983,14003; 5409 | AZURE_WESTEUROPE_AMS_PI_DMZ
257622; 2025-02; 19355,57997; 5409 | AZURE_WESTEUROPE_AMS_PI_DMZ
257622; 2025-03; 19355,57997; 5409 | AZURE_WESTEUROPE_AMS_PI_DMZ
257622; 2025-04; 19355,57997; 5409 | AZURE_WESTEUROPE_AMS_PI_DMZ
257622; 2025-05; 19355,57997; 5409 | AZURE_WESTEUROPE_AMS_PI_DMZ
257622; 2025-06; 19355,57997; 5409 | AZURE_WESTEUROPE_AMS_PI_DMZ
257622; 2025-07; 19355,57997; 5409 | AZURE_WESTEUROPE_AMS_PI_DMZ
257622; 2025-08; 19355,57997; 5409 | AZURE_WESTEUROPE_AMS_PI_DMZ
257622; 2025-09; 19355,57997; 5409 | AZURE_WESTEUROPE_AMS_PI_DMZ
257622; 2025-10; 19355,57997; 5409 | AZURE_WESTEUROPE_AMS_PI_DMZ
257622; 2025-11; 19355,57997; 5409 | AZURE_WESTEUROPE_AMS_PI_DMZ
257622; 2025-12; 19355,57997; 5409 | AZURE_WESTEUROPE_AMS_PI_DMZ
257621; 2025-01; -18983,17002; 5409 | AZURE_WESTEUROPE_AMS_PI_DMZ
257621; 2025-02; -19355,57997; 5409 | AZURE_WESTEUROPE_AMS_PI_DMZ
257621; 2025-03; -19355,57997; 5409 | AZURE_WESTEUROPE_AMS_PI_DMZ
257621; 2025-04; -19355,57997; 5409 | AZURE_WESTEUROPE_AMS_PI_DMZ
257621; 2025-05; -19355,57997; 5409 | AZURE_WESTEUROPE_AMS_PI_DMZ
257621; 2025-06; -19355,57997; 5409 | AZURE_WESTEUROPE_AMS_PI_DMZ
257621; 2025-07; -19355,57997; 5409 | AZURE_WESTEUROPE_AMS_PI_DMZ
257621; 2025-08; -19355,57997; 5409 | AZURE_WESTEUROPE_AMS_PI_DMZ
257621; 2025-09; -19355,57997; 5409 | AZURE_WESTEUROPE_AMS_PI_DMZ
257621; 2025-10; -19355,57997; 5409 | AZURE_WESTEUROPE_AMS_PI_DMZ
257621; 2025-11; -19355,57997; 5409 | AZURE_WESTEUROPE_AMS_PI_DMZ
257621; 2025-12; -19355,57997; 5409 | AZURE_WESTEUROPE_AMS_PI_DMZ
257619; 2025-01; 11844,03997; 5408 | AZURE_WESTEUROPE_AMS_NPI_DMZ
257619; 2025-02; 12154,38002; 5408 | AZURE_WESTEUROPE_AMS_NPI_DMZ
257619; 2025-03; 12154,38002; 5408 | AZURE_WESTEUROPE_AMS_NPI_DMZ
257619; 2025-04; 12154,38002; 5408 | AZURE_WESTEUROPE_AMS_NPI_DMZ
257619; 2025-05; 12154,38002; 5408 | AZURE_WESTEUROPE_AMS_NPI_DMZ
257619; 2025-06; 12154,38002; 5408 | AZURE_WESTEUROPE_AMS_NPI_DMZ
257619; 2025-07; 12154,38002; 5408 | AZURE_WESTEUROPE_AMS_NPI_DMZ
257619; 2025-08; 12154,38002; 5408 | AZURE_WESTEUROPE_AMS_NPI_DMZ
257619; 2025-09; 12154,38002; 5408 | AZURE_WESTEUROPE_AMS_NPI_DMZ
257619; 2025-10; 12154,38002; 5408 | AZURE_WESTEUROPE_AMS_NPI_DMZ
257619; 2025-11; 12154,38002; 5408 | AZURE_WESTEUROPE_AMS_NPI_DMZ
257619; 2025-12; 12154,38002; 5408 | AZURE_WESTEUROPE_AMS_NPI_DMZ
257618; 2025-01; -11844,06; 5408 | AZURE_WESTEUROPE_AMS_NPI_DMZ
257618; 2025-02; -12154,38999; 5408 | AZURE_WESTEUROPE_AMS_NPI_DMZ
257618; 2025-03; -12154,38999; 5408 | AZURE_WESTEUROPE_AMS_NPI_DMZ
257618; 2025-04; -12154,38999; 5408 | AZURE_WESTEUROPE_AMS_NPI_DMZ
257618; 2025-05; -12154,38999; 5408 | AZURE_WESTEUROPE_AMS_NPI_DMZ
257618; 2025-06; -12154,38999; 5408 | AZURE_WESTEUROPE_AMS_NPI_DMZ
257618; 2025-07; -12154,38999; 5408 | AZURE_WESTEUROPE_AMS_NPI_DMZ
257618; 2025-08; -12154,38999; 5408 | AZURE_WESTEUROPE_AMS_NPI_DMZ
257618; 2025-09; -12154,38999; 5408 | AZURE_WESTEUROPE_AMS_NPI_DMZ
257618; 2025-10; -12154,38999; 5408 | AZURE_WESTEUROPE_AMS_NPI_DMZ
257618; 2025-11; -12154,38999; 5408 | AZURE_WESTEUROPE_AMS_NPI_DMZ
257618; 2025-12; -12154,38999; 5408 | AZURE_WESTEUROPE_AMS_NPI_DMZ
257616; 2025-01; 1501,159971; 5400 | AZURE_WESTEUROPE_AD
257616; 2025-02; 2744,960053; 5400 | AZURE_WESTEUROPE_AD
257616; 2025-03; 1417,47996; 5400 | AZURE_WESTEUROPE_AD
257616; 2025-04; 1417,47996; 5400 | AZURE_WESTEUROPE_AD
257616; 2025-05; 1417,47996; 5400 | AZURE_WESTEUROPE_AD
257616; 2025-06; 1417,47996; 5400 | AZURE_WESTEUROPE_AD
257616; 2025-07; 1417,47996; 5400 | AZURE_WESTEUROPE_AD
257616; 2025-08; 1417,47996; 5400 | AZURE_WESTEUROPE_AD
257616; 2025-09; 1417,47996; 5400 | AZURE_WESTEUROPE_AD
257616; 2025-10; 1417,47996; 5400 | AZURE_WESTEUROPE_AD
257616; 2025-11; 1417,47996; 5400 | AZURE_WESTEUROPE_AD
257616; 2025-12; 1417,47996; 5400 | AZURE_WESTEUROPE_AD
257615; 2025-01; -1501,170039; 5400 | AZURE_WESTEUROPE_AD
257615; 2025-02; -2744,970015; 5400 | AZURE_WESTEUROPE_AD
257615; 2025-03; -1417,47996; 5400 | AZURE_WESTEUROPE_AD
257615; 2025-04; -1417,47996; 5400 | AZURE_WESTEUROPE_AD
257615; 2025-05; -1417,47996; 5400 | AZURE_WESTEUROPE_AD
257615; 2025-06; -1417,47996; 5400 | AZURE_WESTEUROPE_AD
257615; 2025-07; -1417,47996; 5400 | AZURE_WESTEUROPE_AD
257615; 2025-08; -1417,47996; 5400 | AZURE_WESTEUROPE_AD
257615; 2025-09; -1417,47996; 5400 | AZURE_WESTEUROPE_AD
257615; 2025-10; -1417,47996; 5400 | AZURE_WESTEUROPE_AD
257615; 2025-11; -1417,47996; 5400 | AZURE_WESTEUROPE_AD
257615; 2025-12; -1417,47996; 5400 | AZURE_WESTEUROPE_AD
257611; 2025-01; 15388,88004; 5397 | AZURE_WESTEUROPE_AMS_NPI_BU1
257611; 2025-02; 15388,88004; 5397 | AZURE_WESTEUROPE_AMS_NPI_BU1
257611; 2025-03; 15388,88004; 5397 | AZURE_WESTEUROPE_AMS_NPI_BU1
257611; 2025-04; 15388,88004; 5397 | AZURE_WESTEUROPE_AMS_NPI_BU1
257611; 2025-05; 15388,88004; 5397 | AZURE_WESTEUROPE_AMS_NPI_BU1
257611; 2025-06; 15388,88004; 5397 | AZURE_WESTEUROPE_AMS_NPI_BU1
257611; 2025-07; 15388,88004; 5397 | AZURE_WESTEUROPE_AMS_NPI_BU1
257611; 2025-08; 15388,88004; 5397 | AZURE_WESTEUROPE_AMS_NPI_BU1
257611; 2025-09; 15388,88004; 5397 | AZURE_WESTEUROPE_AMS_NPI_BU1
257611; 2025-10; 15388,88004; 5397 | AZURE_WESTEUROPE_AMS_NPI_BU1
257611; 2025-11; 15388,88004; 5397 | AZURE_WESTEUROPE_AMS_NPI_BU1
257611; 2025-12; 15388,88004; 5397 | AZURE_WESTEUROPE_AMS_NPI_BU1
257610; 2025-01; -15388,88004; 5397 | AZURE_WESTEUROPE_AMS_NPI_BU1
257610; 2025-02; -15388,88004; 5397 | AZURE_WESTEUROPE_AMS_NPI_BU1
257610; 2025-03; -15388,88004; 5397 | AZURE_WESTEUROPE_AMS_NPI_BU1
257610; 2025-04; -15388,88004; 5397 | AZURE_WESTEUROPE_AMS_NPI_BU1
257610; 2025-05; -15388,88004; 5397 | AZURE_WESTEUROPE_AMS_NPI_BU1
257610; 2025-06; -15388,88004; 5397 | AZURE_WESTEUROPE_AMS_NPI_BU1
257610; 2025-07; -15388,88004; 5397 | AZURE_WESTEUROPE_AMS_NPI_BU1
257610; 2025-08; -15388,88004; 5397 | AZURE_WESTEUROPE_AMS_NPI_BU1
257610; 2025-09; -15388,88004; 5397 | AZURE_WESTEUROPE_AMS_NPI_BU1
257610; 2025-10; -15388,88004; 5397 | AZURE_WESTEUROPE_AMS_NPI_BU1
257610; 2025-11; -15388,88004; 5397 | AZURE_WESTEUROPE_AMS_NPI_BU1
257610; 2025-12; -15388,88004; 5397 | AZURE_WESTEUROPE_AMS_NPI_BU1
257606; 2025-01; 27235,46001; 5396 | AZURE_WESTEUROPE_AMS_PI_BU1
257606; 2025-02; 27591,21004; 5396 | AZURE_WESTEUROPE_AMS_PI_BU1
257606; 2025-03; 27591,21004; 5396 | AZURE_WESTEUROPE_AMS_PI_BU1
257606; 2025-04; 27591,21004; 5396 | AZURE_WESTEUROPE_AMS_PI_BU1
257606; 2025-05; 27591,21004; 5396 | AZURE_WESTEUROPE_AMS_PI_BU1
257606; 2025-06; 27591,21004; 5396 | AZURE_WESTEUROPE_AMS_PI_BU1
257606; 2025-07; 27591,21004; 5396 | AZURE_WESTEUROPE_AMS_PI_BU1
257606; 2025-08; 27591,21004; 5396 | AZURE_WESTEUROPE_AMS_PI_BU1
257606; 2025-09; 27591,21004; 5396 | AZURE_WESTEUROPE_AMS_PI_BU1
257606; 2025-10; 27591,21004; 5396 | AZURE_WESTEUROPE_AMS_PI_BU1
257606; 2025-11; 27591,21004; 5396 | AZURE_WESTEUROPE_AMS_PI_BU1
257606; 2025-12; 27591,21004; 5396 | AZURE_WESTEUROPE_AMS_PI_BU1
257605; 2025-01; -27235,46001; 5396 | AZURE_WESTEUROPE_AMS_PI_BU1
257605; 2025-02; -27591,21004; 5396 | AZURE_WESTEUROPE_AMS_PI_BU1
257605; 2025-03; -27591,21004; 5396 | AZURE_WESTEUROPE_AMS_PI_BU1
257605; 2025-04; -27591,21004; 5396 | AZURE_WESTEUROPE_AMS_PI_BU1
257605; 2025-05; -27591,21004; 5396 | AZURE_WESTEUROPE_AMS_PI_BU1
257605; 2025-06; -27591,21004; 5396 | AZURE_WESTEUROPE_AMS_PI_BU1
257605; 2025-07; -27591,21004; 5396 | AZURE_WESTEUROPE_AMS_PI_BU1
257605; 2025-08; -27591,21004; 5396 | AZURE_WESTEUROPE_AMS_PI_BU1
257605; 2025-09; -27591,21004; 5396 | AZURE_WESTEUROPE_AMS_PI_BU1
257605; 2025-10; -27591,21004; 5396 | AZURE_WESTEUROPE_AMS_PI_BU1
257605; 2025-11; -27591,21004; 5396 | AZURE_WESTEUROPE_AMS_PI_BU1
257605; 2025-12; -27591,21004; 5396 | AZURE_WESTEUROPE_AMS_PI_BU1
257376; 2025-01; 0; 19C-4610_M7C_ITS | POC_Google_Projekt | 19C-4610_M7C_ITS | POC_Google_Projekt
257376; 2025-02; 0; 19C-4610_M7C_ITS | POC_Google_Projekt | 19C-4610_M7C_ITS | POC_Google_Projekt
257376; 2025-03; -1342,11; 19C-4610_M7C_ITS | POC_Google_Projekt | 19C-4610_M7C_ITS | POC_Google_Projekt
257376; 2025-04; 0; 19C-4610_M7C_ITS | POC_Google_Projekt | 19C-4610_M7C_ITS | POC_Google_Projekt
257376; 2025-05; 0; 19C-4610_M7C_ITS | POC_Google_Projekt | 19C-4610_M7C_ITS | POC_Google_Projekt
257376; 2025-06; 0; 19C-4610_M7C_ITS | POC_Google_Projekt | 19C-4610_M7C_ITS | POC_Google_Projekt
257376; 2025-07; 0; 19C-4610_M7C_ITS | POC_Google_Projekt | 19C-4610_M7C_ITS | POC_Google_Projekt
257376; 2025-08; 0; 19C-4610_M7C_ITS | POC_Google_Projekt | 19C-4610_M7C_ITS | POC_Google_Projekt
257376; 2025-09; 0; 19C-4610_M7C_ITS | POC_Google_Projekt | 19C-4610_M7C_ITS | POC_Google_Projekt
257376; 2025-10; 0; 19C-4610_M7C_ITS | POC_Google_Projekt | 19C-4610_M7C_ITS | POC_Google_Projekt
257376; 2025-11; 0; 19C-4610_M7C_ITS | POC_Google_Projekt | 19C-4610_M7C_ITS | POC_Google_Projekt
257376; 2025-12; 1342,11; 19C-4610_M7C_ITS | POC_Google_Projekt | 19C-4610_M7C_ITS | POC_Google_Projekt
257012; 2025-01; 6802,454799; 5576 | AZURE_CAAS_PI
257012; 2025-02; 6858,134787; 5576 | AZURE_CAAS_PI
257012; 2025-03; 299,1347703; 5576 | AZURE_CAAS_PI
257012; 2025-04; 299,1347703; 5576 | AZURE_CAAS_PI
257012; 2025-05; 299,1347703; 5576 | AZURE_CAAS_PI
257012; 2025-06; 299,1347703; 5576 | AZURE_CAAS_PI
257012; 2025-07; 299,1347703; 5576 | AZURE_CAAS_PI
257012; 2025-08; 299,1347703; 5576 | AZURE_CAAS_PI
257012; 2025-09; 299,1347703; 5576 | AZURE_CAAS_PI
257012; 2025-10; 299,1347703; 5576 | AZURE_CAAS_PI
257012; 2025-11; 299,1347703; 5576 | AZURE_CAAS_PI
257012; 2025-12; 299,1347703; 5576 | AZURE_CAAS_PI
257011; 2025-01; 5897,982735; 5506 | AZURE_CAAS_NPI
257011; 2025-02; 5918,852689; 5506 | AZURE_CAAS_NPI
257011; 2025-03; 310,9227308; 5506 | AZURE_CAAS_NPI
257011; 2025-04; 310,9227308; 5506 | AZURE_CAAS_NPI
257011; 2025-05; 310,9227308; 5506 | AZURE_CAAS_NPI
257011; 2025-06; 310,9227308; 5506 | AZURE_CAAS_NPI
257011; 2025-07; 310,9227308; 5506 | AZURE_CAAS_NPI
257011; 2025-08; 310,9227308; 5506 | AZURE_CAAS_NPI
257011; 2025-09; 310,9227308; 5506 | AZURE_CAAS_NPI
257011; 2025-10; 310,9227308; 5506 | AZURE_CAAS_NPI
257011; 2025-11; 310,9227308; 5506 | AZURE_CAAS_NPI
257011; 2025-12; 310,9227308; 5506 | AZURE_CAAS_NPI
257005; 2025-01; 0; 5396 | AZURE_WESTEUROPE_AMS_PI_BU1
257005; 2025-02; 0; 5396 | AZURE_WESTEUROPE_AMS_PI_BU1
257005; 2025-03; -3524,444275; 5396 | AZURE_WESTEUROPE_AMS_PI_BU1
257005; 2025-04; 391,6037419; 5396 | AZURE_WESTEUROPE_AMS_PI_BU1
257005; 2025-05; 391,6037419; 5396 | AZURE_WESTEUROPE_AMS_PI_BU1
257005; 2025-06; 391,6037419; 5396 | AZURE_WESTEUROPE_AMS_PI_BU1
257005; 2025-07; 391,6037419; 5396 | AZURE_WESTEUROPE_AMS_PI_BU1
257005; 2025-08; 391,6037419; 5396 | AZURE_WESTEUROPE_AMS_PI_BU1
257005; 2025-09; 391,6037419; 5396 | AZURE_WESTEUROPE_AMS_PI_BU1
257005; 2025-10; 391,6037419; 5396 | AZURE_WESTEUROPE_AMS_PI_BU1
257005; 2025-11; 391,6037419; 5396 | AZURE_WESTEUROPE_AMS_PI_BU1
257005; 2025-12; 391,6037419; 5396 | AZURE_WESTEUROPE_AMS_PI_BU1
253895; 2025-01; 493,735897; 5440 | AZURE_WESTEUROPE_NATIVE_CCC
253895; 2025-02; 177,0488515; 5440 | AZURE_WESTEUROPE_NATIVE_CCC
253895; 2025-03; -67,11662736; 5440 | AZURE_WESTEUROPE_NATIVE_CCC
253895; 2025-04; -67,07423568; 5440 | AZURE_WESTEUROPE_NATIVE_CCC
253895; 2025-05; -67,07423568; 5440 | AZURE_WESTEUROPE_NATIVE_CCC
253895; 2025-06; -67,07423568; 5440 | AZURE_WESTEUROPE_NATIVE_CCC
253895; 2025-07; -67,07423568; 5440 | AZURE_WESTEUROPE_NATIVE_CCC
253895; 2025-08; -67,07423568; 5440 | AZURE_WESTEUROPE_NATIVE_CCC
253895; 2025-09; -67,07423568; 5440 | AZURE_WESTEUROPE_NATIVE_CCC
253895; 2025-10; -67,07423568; 5440 | AZURE_WESTEUROPE_NATIVE_CCC
253895; 2025-11; -67,07423568; 5440 | AZURE_WESTEUROPE_NATIVE_CCC
253895; 2025-12; -67,07423568; 5440 | AZURE_WESTEUROPE_NATIVE_CCC
253894; 2025-01; 445,4411755; 5409 | AZURE_WESTEUROPE_AMS_PI_DMZ
253894; 2025-02; 398,8951109; 5409 | AZURE_WESTEUROPE_AMS_PI_DMZ
253894; 2025-03; -84,43362864; 5409 | AZURE_WESTEUROPE_AMS_PI_DMZ
253894; 2025-04; -84,43362864; 5409 | AZURE_WESTEUROPE_AMS_PI_DMZ
253894; 2025-05; -84,43362864; 5409 | AZURE_WESTEUROPE_AMS_PI_DMZ
253894; 2025-06; -84,43362864; 5409 | AZURE_WESTEUROPE_AMS_PI_DMZ
253894; 2025-07; -84,43362864; 5409 | AZURE_WESTEUROPE_AMS_PI_DMZ
253894; 2025-08; -84,43362864; 5409 | AZURE_WESTEUROPE_AMS_PI_DMZ
253894; 2025-09; -84,43362864; 5409 | AZURE_WESTEUROPE_AMS_PI_DMZ
253894; 2025-10; -84,43362864; 5409 | AZURE_WESTEUROPE_AMS_PI_DMZ
253894; 2025-11; -84,43362864; 5409 | AZURE_WESTEUROPE_AMS_PI_DMZ
253894; 2025-12; -84,43362864; 5409 | AZURE_WESTEUROPE_AMS_PI_DMZ
253885; 2025-01; 776,7109589; 5397 | AZURE_WESTEUROPE_AMS_NPI_BU1
253885; 2025-02; 641,9266123; 5397 | AZURE_WESTEUROPE_AMS_NPI_BU1
253885; 2025-03; -141,8637571; 5397 | AZURE_WESTEUROPE_AMS_NPI_BU1
253885; 2025-04; -141,8637571; 5397 | AZURE_WESTEUROPE_AMS_NPI_BU1
253885; 2025-05; -141,8637571; 5397 | AZURE_WESTEUROPE_AMS_NPI_BU1
253885; 2025-06; -141,8637571; 5397 | AZURE_WESTEUROPE_AMS_NPI_BU1
253885; 2025-07; -141,8637571; 5397 | AZURE_WESTEUROPE_AMS_NPI_BU1
253885; 2025-08; -141,8637571; 5397 | AZURE_WESTEUROPE_AMS_NPI_BU1
253885; 2025-09; -141,8637571; 5397 | AZURE_WESTEUROPE_AMS_NPI_BU1
253885; 2025-10; -141,8637571; 5397 | AZURE_WESTEUROPE_AMS_NPI_BU1
253885; 2025-11; -141,8637571; 5397 | AZURE_WESTEUROPE_AMS_NPI_BU1
253885; 2025-12; -141,8637571; 5397 | AZURE_WESTEUROPE_AMS_NPI_BU1
253884; 2025-01; -6854,437914; 5396 | AZURE_WESTEUROPE_AMS_PI_BU1
253884; 2025-02; 23170,65641; 5396 | AZURE_WESTEUROPE_AMS_PI_BU1
253884; 2025-03; -1631,602774; 5396 | AZURE_WESTEUROPE_AMS_PI_BU1
253884; 2025-04; -1631,623969; 5396 | AZURE_WESTEUROPE_AMS_PI_BU1
253884; 2025-05; -1631,623969; 5396 | AZURE_WESTEUROPE_AMS_PI_BU1
253884; 2025-06; -1631,623969; 5396 | AZURE_WESTEUROPE_AMS_PI_BU1
253884; 2025-07; -1631,623969; 5396 | AZURE_WESTEUROPE_AMS_PI_BU1
253884; 2025-08; -1631,623969; 5396 | AZURE_WESTEUROPE_AMS_PI_BU1
253884; 2025-09; -1631,623969; 5396 | AZURE_WESTEUROPE_AMS_PI_BU1
253884; 2025-10; -1631,623969; 5396 | AZURE_WESTEUROPE_AMS_PI_BU1
253884; 2025-11; -1631,623969; 5396 | AZURE_WESTEUROPE_AMS_PI_BU1
253884; 2025-12; -1631,623969; 5396 | AZURE_WESTEUROPE_AMS_PI_BU1
253883; 2025-01; -4579,191665; 5408 | AZURE_WESTEUROPE_AMS_NPI_DMZ
253883; 2025-02; -3493,614926; 5408 | AZURE_WESTEUROPE_AMS_NPI_DMZ
253883; 2025-03; 807,3283498; 5408 | AZURE_WESTEUROPE_AMS_NPI_DMZ
253883; 2025-04; 807,2753602; 5408 | AZURE_WESTEUROPE_AMS_NPI_DMZ
253883; 2025-05; 807,2753602; 5408 | AZURE_WESTEUROPE_AMS_NPI_DMZ
253883; 2025-06; 807,2753602; 5408 | AZURE_WESTEUROPE_AMS_NPI_DMZ
253883; 2025-07; 807,2753602; 5408 | AZURE_WESTEUROPE_AMS_NPI_DMZ
253883; 2025-08; 807,2753602; 5408 | AZURE_WESTEUROPE_AMS_NPI_DMZ
253883; 2025-09; 807,2753602; 5408 | AZURE_WESTEUROPE_AMS_NPI_DMZ
253883; 2025-10; 807,2753602; 5408 | AZURE_WESTEUROPE_AMS_NPI_DMZ
253883; 2025-11; 807,2753602; 5408 | AZURE_WESTEUROPE_AMS_NPI_DMZ
253883; 2025-12; 807,2753602; 5408 | AZURE_WESTEUROPE_AMS_NPI_DMZ
253880; 2025-01; -77,18465136; 5413 | AZURE_WESTEUROPE_Connectivity_NPI
253880; 2025-02; -100,0867565; 5413 | AZURE_WESTEUROPE_Connectivity_NPI
253880; 2025-03; 17,6985264; 5413 | AZURE_WESTEUROPE_Connectivity_NPI
253880; 2025-04; 17,73032016; 5413 | AZURE_WESTEUROPE_Connectivity_NPI
253880; 2025-05; 17,73032016; 5413 | AZURE_WESTEUROPE_Connectivity_NPI
253880; 2025-06; 17,73032016; 5413 | AZURE_WESTEUROPE_Connectivity_NPI
253880; 2025-07; 17,73032016; 5413 | AZURE_WESTEUROPE_Connectivity_NPI
253880; 2025-08; 17,73032016; 5413 | AZURE_WESTEUROPE_Connectivity_NPI
253880; 2025-09; 17,73032016; 5413 | AZURE_WESTEUROPE_Connectivity_NPI
253880; 2025-10; 17,73032016; 5413 | AZURE_WESTEUROPE_Connectivity_NPI
253880; 2025-11; 17,73032016; 5413 | AZURE_WESTEUROPE_Connectivity_NPI
253880; 2025-12; 17,73032016; 5413 | AZURE_WESTEUROPE_Connectivity_NPI
253871; 2025-01; 3550,387983; 5410 | AZURE_WESTEUROPE_Connectivity_PI
253871; 2025-02; 2391,473638; 5410 | AZURE_WESTEUROPE_Connectivity_PI
253871; 2025-03; -594,2147765; 5410 | AZURE_WESTEUROPE_Connectivity_PI
253871; 2025-04; -594,1829827; 5410 | AZURE_WESTEUROPE_Connectivity_PI
253871; 2025-05; -594,1829827; 5410 | AZURE_WESTEUROPE_Connectivity_PI
253871; 2025-06; -594,1829827; 5410 | AZURE_WESTEUROPE_Connectivity_PI
253871; 2025-07; -594,1829827; 5410 | AZURE_WESTEUROPE_Connectivity_PI
253871; 2025-08; -594,1829827; 5410 | AZURE_WESTEUROPE_Connectivity_PI
253871; 2025-09; -594,1829827; 5410 | AZURE_WESTEUROPE_Connectivity_PI
253871; 2025-10; -594,1829827; 5410 | AZURE_WESTEUROPE_Connectivity_PI
253871; 2025-11; -594,1829827; 5410 | AZURE_WESTEUROPE_Connectivity_PI
253871; 2025-12; -594,1829827; 5410 | AZURE_WESTEUROPE_Connectivity_PI
253870; 2025-01; -33,92394192; 5400 | AZURE_WESTEUROPE_AD
253870; 2025-02; 1209,879743; 5400 | AZURE_WESTEUROPE_AD
253870; 2025-03; -117,6051182; 5400 | AZURE_WESTEUROPE_AD
253870; 2025-04; -117,5945203; 5400 | AZURE_WESTEUROPE_AD
253870; 2025-05; -117,5945203; 5400 | AZURE_WESTEUROPE_AD
253870; 2025-06; -117,5945203; 5400 | AZURE_WESTEUROPE_AD
253870; 2025-07; -117,5945203; 5400 | AZURE_WESTEUROPE_AD
253870; 2025-08; -117,5945203; 5400 | AZURE_WESTEUROPE_AD
253870; 2025-09; -117,5945203; 5400 | AZURE_WESTEUROPE_AD
253870; 2025-10; -117,5945203; 5400 | AZURE_WESTEUROPE_AD
253870; 2025-11; -117,5945203; 5400 | AZURE_WESTEUROPE_AD
253870; 2025-12; -117,5945203; 5400 | AZURE_WESTEUROPE_AD
253869; 2025-01; -10115,9372; 5634 | Azure Connectivity Express Route Direct
253869; 2025-02; -9809,975246; 5634 | Azure Connectivity Express Route Direct
253869; 2025-03; 1992,61032; 5634 | Azure Connectivity Express Route Direct
253869; 2025-04; 1992,589125; 5634 | Azure Connectivity Express Route Direct
253869; 2025-05; 1992,589125; 5634 | Azure Connectivity Express Route Direct
253869; 2025-06; 1992,589125; 5634 | Azure Connectivity Express Route Direct
253869; 2025-07; 1992,589125; 5634 | Azure Connectivity Express Route Direct
253869; 2025-08; 1992,589125; 5634 | Azure Connectivity Express Route Direct
253869; 2025-09; 1992,589125; 5634 | Azure Connectivity Express Route Direct
253869; 2025-10; 1992,589125; 5634 | Azure Connectivity Express Route Direct
253869; 2025-11; 1992,589125; 5634 | Azure Connectivity Express Route Direct
253869; 2025-12; 1992,589125; 5634 | Azure Connectivity Express Route Direct
253868; 2025-01; -10235,82087; 5315 | Azure-MPS Global
253868; 2025-02; -4438,758627; 5315 | Azure-MPS Global
253868; 2025-03; 1467,419797; 5315 | Azure-MPS Global
253868; 2025-04; 1467,462189; 5315 | Azure-MPS Global
253868; 2025-05; 1467,462189; 5315 | Azure-MPS Global
253868; 2025-06; 1467,462189; 5315 | Azure-MPS Global
253868; 2025-07; 1467,462189; 5315 | Azure-MPS Global
253868; 2025-08; 1467,462189; 5315 | Azure-MPS Global
253868; 2025-09; 1467,462189; 5315 | Azure-MPS Global
253868; 2025-10; 1467,462189; 5315 | Azure-MPS Global
253868; 2025-11; 1467,462189; 5315 | Azure-MPS Global
253868; 2025-12; 1467,462189; 5315 | Azure-MPS Global
253186; 2025-01; 0; 19C-4610_M7C_ITS | POC_Google_Projekt | 19C-4610_M7C_ITS | POC_Google_Projekt
253186; 2025-02; -1373,7; 19C-4610_M7C_ITS | POC_Google_Projekt | 19C-4610_M7C_ITS | POC_Google_Projekt
253186; 2025-03; 0; 19C-4610_M7C_ITS | POC_Google_Projekt | 19C-4610_M7C_ITS | POC_Google_Projekt
253186; 2025-04; 0; 19C-4610_M7C_ITS | POC_Google_Projekt | 19C-4610_M7C_ITS | POC_Google_Projekt
253186; 2025-05; 0; 19C-4610_M7C_ITS | POC_Google_Projekt | 19C-4610_M7C_ITS | POC_Google_Projekt
253186; 2025-06; 0; 19C-4610_M7C_ITS | POC_Google_Projekt | 19C-4610_M7C_ITS | POC_Google_Projekt
253186; 2025-07; 0; 19C-4610_M7C_ITS | POC_Google_Projekt | 19C-4610_M7C_ITS | POC_Google_Projekt
253186; 2025-08; 0; 19C-4610_M7C_ITS | POC_Google_Projekt | 19C-4610_M7C_ITS | POC_Google_Projekt
253186; 2025-09; 0; 19C-4610_M7C_ITS | POC_Google_Projekt | 19C-4610_M7C_ITS | POC_Google_Projekt
253186; 2025-10; 0; 19C-4610_M7C_ITS | POC_Google_Projekt | 19C-4610_M7C_ITS | POC_Google_Projekt
253186; 2025-11; 0; 19C-4610_M7C_ITS | POC_Google_Projekt | 19C-4610_M7C_ITS | POC_Google_Projekt
253186; 2025-12; 1373,7; 19C-4610_M7C_ITS | POC_Google_Projekt | 19C-4610_M7C_ITS | POC_Google_Projekt
252262; 2025-01; -8834,002195; 5785 | Technisches Enablement von GenAI@P&P NPI - Run Mehraufw�nde
252262; 2025-02; 3622,771777; 5785 | Technisches Enablement von GenAI@P&P NPI - Run Mehraufw�nde
252262; 2025-03; 0; 5785 | Technisches Enablement von GenAI@P&P NPI - Run Mehraufw�nde
252262; 2025-04; 0; 5785 | Technisches Enablement von GenAI@P&P NPI - Run Mehraufw�nde
252262; 2025-05; 0; 5785 | Technisches Enablement von GenAI@P&P NPI - Run Mehraufw�nde
252262; 2025-06; 0; 5785 | Technisches Enablement von GenAI@P&P NPI - Run Mehraufw�nde
252262; 2025-07; 0; 5785 | Technisches Enablement von GenAI@P&P NPI - Run Mehraufw�nde
252262; 2025-08; 0; 5785 | Technisches Enablement von GenAI@P&P NPI - Run Mehraufw�nde
252262; 2025-09; 0; 5785 | Technisches Enablement von GenAI@P&P NPI - Run Mehraufw�nde
252262; 2025-10; 0; 5785 | Technisches Enablement von GenAI@P&P NPI - Run Mehraufw�nde
252262; 2025-11; 0; 5785 | Technisches Enablement von GenAI@P&P NPI - Run Mehraufw�nde
252262; 2025-12; 5211,230418; 5785 | Technisches Enablement von GenAI@P&P NPI - Run Mehraufw�nde
251711; 2025-01; -1374,01; 19C-4610_M7C_ITS | POC_Google_Projekt | 19C-4610_M7C_ITS | POC_Google_Projekt
251711; 2025-02; 0; 19C-4610_M7C_ITS | POC_Google_Projekt | 19C-4610_M7C_ITS | POC_Google_Projekt
251711; 2025-03; 0; 19C-4610_M7C_ITS | POC_Google_Projekt | 19C-4610_M7C_ITS | POC_Google_Projekt
251711; 2025-04; 0; 19C-4610_M7C_ITS | POC_Google_Projekt | 19C-4610_M7C_ITS | POC_Google_Projekt
251711; 2025-05; 0; 19C-4610_M7C_ITS | POC_Google_Projekt | 19C-4610_M7C_ITS | POC_Google_Projekt
251711; 2025-06; 0; 19C-4610_M7C_ITS | POC_Google_Projekt | 19C-4610_M7C_ITS | POC_Google_Projekt
251711; 2025-07; 0; 19C-4610_M7C_ITS | POC_Google_Projekt | 19C-4610_M7C_ITS | POC_Google_Projekt
251711; 2025-08; 0; 19C-4610_M7C_ITS | POC_Google_Projekt | 19C-4610_M7C_ITS | POC_Google_Projekt
251711; 2025-09; 0; 19C-4610_M7C_ITS | POC_Google_Projekt | 19C-4610_M7C_ITS | POC_Google_Projekt
251711; 2025-10; 0; 19C-4610_M7C_ITS | POC_Google_Projekt | 19C-4610_M7C_ITS | POC_Google_Projekt
251711; 2025-11; 0; 19C-4610_M7C_ITS | POC_Google_Projekt | 19C-4610_M7C_ITS | POC_Google_Projekt
251711; 2025-12; 1374,01; 19C-4610_M7C_ITS | POC_Google_Projekt | 19C-4610_M7C_ITS | POC_Google_Projekt
194068; 2025-01; 4135,01196; 5816 | Technisches Enablement von GenAI@P&P PI - Run Mehraufw�nde
194068; 2025-02; 4135,01196; 5816 | Technisches Enablement von GenAI@P&P PI - Run Mehraufw�nde
194068; 2025-03; 4135,01196; 5816 | Technisches Enablement von GenAI@P&P PI - Run Mehraufw�nde
194068; 2025-04; 4135,01196; 5816 | Technisches Enablement von GenAI@P&P PI - Run Mehraufw�nde
194068; 2025-05; 4135,01196; 5816 | Technisches Enablement von GenAI@P&P PI - Run Mehraufw�nde
194068; 2025-06; 4135,01196; 5816 | Technisches Enablement von GenAI@P&P PI - Run Mehraufw�nde
194068; 2025-07; 4135,01196; 5816 | Technisches Enablement von GenAI@P&P PI - Run Mehraufw�nde
194068; 2025-08; 4135,01196; 5816 | Technisches Enablement von GenAI@P&P PI - Run Mehraufw�nde
194068; 2025-09; 4135,01196; 5816 | Technisches Enablement von GenAI@P&P PI - Run Mehraufw�nde
194068; 2025-10; 4135,01196; 5816 | Technisches Enablement von GenAI@P&P PI - Run Mehraufw�nde
194068; 2025-11; 4135,01196; 5816 | Technisches Enablement von GenAI@P&P PI - Run Mehraufw�nde
194068; 2025-12; 4135,01196; 5816 | Technisches Enablement von GenAI@P&P PI - Run Mehraufw�nde
193989; 2025-01; 1589,688; 5819 | Azure_Fastlane_Support
193989; 2025-02; 1589,688; 5819 | Azure_Fastlane_Support
193989; 2025-03; 1589,688; 5819 | Azure_Fastlane_Support
193989; 2025-04; 1589,688; 5819 | Azure_Fastlane_Support
193989; 2025-05; 1589,688; 5819 | Azure_Fastlane_Support
193989; 2025-06; 1589,688; 5819 | Azure_Fastlane_Support
193989; 2025-07; 1589,688; 5819 | Azure_Fastlane_Support
193989; 2025-08; 1589,688; 5819 | Azure_Fastlane_Support
193989; 2025-09; 1589,688; 5819 | Azure_Fastlane_Support
193989; 2025-10; 1589,688; 5819 | Azure_Fastlane_Support
193989; 2025-11; 1589,688; 5819 | Azure_Fastlane_Support
193989; 2025-12; 1589,688; 5819 | Azure_Fastlane_Support
193950; 2025-01; -1829,137404; 5634 | Azure Connectivity Express Route Direct
193950; 2025-02; -1829,137404; 5634 | Azure Connectivity Express Route Direct
193950; 2025-03; -1829,137404; 5634 | Azure Connectivity Express Route Direct
193950; 2025-04; -1829,137404; 5634 | Azure Connectivity Express Route Direct
193950; 2025-05; -1829,137404; 5634 | Azure Connectivity Express Route Direct
193950; 2025-06; -1829,137404; 5634 | Azure Connectivity Express Route Direct
193950; 2025-07; -1829,137404; 5634 | Azure Connectivity Express Route Direct
193950; 2025-08; -1829,137404; 5634 | Azure Connectivity Express Route Direct
193950; 2025-09; -1829,137404; 5634 | Azure Connectivity Express Route Direct
193950; 2025-10; -1829,137404; 5634 | Azure Connectivity Express Route Direct
193950; 2025-11; -1829,137404; 5634 | Azure Connectivity Express Route Direct
193950; 2025-12; -1829,137404; 5634 | Azure Connectivity Express Route Direct
193924; 2025-01; -299,1368899; 5576 | AZURE_CAAS_PI
193924; 2025-02; -299,1368899; 5576 | AZURE_CAAS_PI
193924; 2025-03; -299,1368899; 5576 | AZURE_CAAS_PI
193924; 2025-04; -299,1368899; 5576 | AZURE_CAAS_PI
193924; 2025-05; -299,1368899; 5576 | AZURE_CAAS_PI
193924; 2025-06; -299,1368899; 5576 | AZURE_CAAS_PI
193924; 2025-07; -299,1368899; 5576 | AZURE_CAAS_PI
193924; 2025-08; -299,1368899; 5576 | AZURE_CAAS_PI
193924; 2025-09; -299,1368899; 5576 | AZURE_CAAS_PI
193924; 2025-10; -299,1368899; 5576 | AZURE_CAAS_PI
193924; 2025-11; -299,1368899; 5576 | AZURE_CAAS_PI
193924; 2025-12; -299,1368899; 5576 | AZURE_CAAS_PI
193900; 2025-01; -310,921777; 5506 | AZURE_CAAS_NPI
193900; 2025-02; -310,921777; 5506 | AZURE_CAAS_NPI
193900; 2025-03; -310,921777; 5506 | AZURE_CAAS_NPI
193900; 2025-04; -310,921777; 5506 | AZURE_CAAS_NPI
193900; 2025-05; -310,921777; 5506 | AZURE_CAAS_NPI
193900; 2025-06; -310,921777; 5506 | AZURE_CAAS_NPI
193900; 2025-07; -310,921777; 5506 | AZURE_CAAS_NPI
193900; 2025-08; -310,921777; 5506 | AZURE_CAAS_NPI
193900; 2025-09; -310,921777; 5506 | AZURE_CAAS_NPI
193900; 2025-10; -310,921777; 5506 | AZURE_CAAS_NPI
193900; 2025-11; -310,921777; 5506 | AZURE_CAAS_NPI
193900; 2025-12; -310,921777; 5506 | AZURE_CAAS_NPI
193857; 2025-01; -691,8852072; 5410 | AZURE_WESTEUROPE_Connectivity_PI
193857; 2025-02; -691,8852072; 5410 | AZURE_WESTEUROPE_Connectivity_PI
193857; 2025-03; -691,8852072; 5410 | AZURE_WESTEUROPE_Connectivity_PI
193857; 2025-04; -691,8852072; 5410 | AZURE_WESTEUROPE_Connectivity_PI
193857; 2025-05; -691,8852072; 5410 | AZURE_WESTEUROPE_Connectivity_PI
193857; 2025-06; -691,8852072; 5410 | AZURE_WESTEUROPE_Connectivity_PI
193857; 2025-07; -691,8852072; 5410 | AZURE_WESTEUROPE_Connectivity_PI
193857; 2025-08; -691,8852072; 5410 | AZURE_WESTEUROPE_Connectivity_PI
193857; 2025-09; -691,8852072; 5410 | AZURE_WESTEUROPE_Connectivity_PI
193857; 2025-10; -691,8852072; 5410 | AZURE_WESTEUROPE_Connectivity_PI
193857; 2025-11; -691,8852072; 5410 | AZURE_WESTEUROPE_Connectivity_PI
193857; 2025-12; -691,8852072; 5410 | AZURE_WESTEUROPE_Connectivity_PI
193652; 2025-01; -6888,648; 5576 | AZURE_CAAS_PI
193652; 2025-02; -6888,648; 5576 | AZURE_CAAS_PI
193652; 2025-03; -6888,648; 5576 | AZURE_CAAS_PI
193652; 2025-04; -6888,648; 5576 | AZURE_CAAS_PI
193652; 2025-05; -6888,648; 5576 | AZURE_CAAS_PI
193652; 2025-06; -6888,648; 5576 | AZURE_CAAS_PI
193652; 2025-07; -6888,648; 5576 | AZURE_CAAS_PI
193652; 2025-08; -6888,648; 5576 | AZURE_CAAS_PI
193652; 2025-09; -6888,648; 5576 | AZURE_CAAS_PI
193652; 2025-10; -6888,648; 5576 | AZURE_CAAS_PI
193652; 2025-11; -6888,648; 5576 | AZURE_CAAS_PI
193652; 2025-12; -6888,648; 5576 | AZURE_CAAS_PI
193651; 2025-01; -6358,752; 5506 | AZURE_CAAS_NPI
193651; 2025-02; -6358,752; 5506 | AZURE_CAAS_NPI
193651; 2025-03; -6358,752; 5506 | AZURE_CAAS_NPI
193651; 2025-04; -6358,752; 5506 | AZURE_CAAS_NPI
193651; 2025-05; -6358,752; 5506 | AZURE_CAAS_NPI
193651; 2025-06; -6358,752; 5506 | AZURE_CAAS_NPI
193651; 2025-07; -6358,752; 5506 | AZURE_CAAS_NPI
193651; 2025-08; -6358,752; 5506 | AZURE_CAAS_NPI
193651; 2025-09; -6358,752; 5506 | AZURE_CAAS_NPI
193651; 2025-10; -6358,752; 5506 | AZURE_CAAS_NPI
193651; 2025-11; -6358,752; 5506 | AZURE_CAAS_NPI
193651; 2025-12; -6358,752; 5506 | AZURE_CAAS_NPI
190238; 2025-01; 1059,792; 5785 | Technisches Enablement von GenAI@P&P NPI - Run Mehraufw�nde
190238; 2025-02; 1059,792; 5785 | Technisches Enablement von GenAI@P&P NPI - Run Mehraufw�nde
190238; 2025-03; 1059,792; 5785 | Technisches Enablement von GenAI@P&P NPI - Run Mehraufw�nde
190238; 2025-04; 1059,792; 5785 | Technisches Enablement von GenAI@P&P NPI - Run Mehraufw�nde
190238; 2025-05; 1059,792; 5785 | Technisches Enablement von GenAI@P&P NPI - Run Mehraufw�nde
190238; 2025-06; 1059,792; 5785 | Technisches Enablement von GenAI@P&P NPI - Run Mehraufw�nde
190238; 2025-07; 1059,792; 5785 | Technisches Enablement von GenAI@P&P NPI - Run Mehraufw�nde
190238; 2025-08; 1059,792; 5785 | Technisches Enablement von GenAI@P&P NPI - Run Mehraufw�nde
190238; 2025-09; 1059,792; 5785 | Technisches Enablement von GenAI@P&P NPI - Run Mehraufw�nde
190238; 2025-10; 1059,792; 5785 | Technisches Enablement von GenAI@P&P NPI - Run Mehraufw�nde
190238; 2025-11; 1059,792; 5785 | Technisches Enablement von GenAI@P&P NPI - Run Mehraufw�nde
190238; 2025-12; 1059,792; 5785 | Technisches Enablement von GenAI@P&P NPI - Run Mehraufw�nde
189890; 2025-01; 0; 5630 | AZURE_WESTEUROPE_Rapid_Response
189890; 2025-02; 0; 5630 | AZURE_WESTEUROPE_Rapid_Response
189890; 2025-03; 0; 5630 | AZURE_WESTEUROPE_Rapid_Response
189890; 2025-04; 0; 5630 | AZURE_WESTEUROPE_Rapid_Response
189890; 2025-05; 52989,6; 5630 | AZURE_WESTEUROPE_Rapid_Response
189890; 2025-06; -52989,6; 5630 | AZURE_WESTEUROPE_Rapid_Response
189890; 2025-07; 0; 5630 | AZURE_WESTEUROPE_Rapid_Response
189890; 2025-08; 0; 5630 | AZURE_WESTEUROPE_Rapid_Response
189890; 2025-09; 0; 5630 | AZURE_WESTEUROPE_Rapid_Response
189890; 2025-10; 0; 5630 | AZURE_WESTEUROPE_Rapid_Response
189890; 2025-11; 0; 5630 | AZURE_WESTEUROPE_Rapid_Response
189890; 2025-12; 0; 5630 | AZURE_WESTEUROPE_Rapid_Response
189889; 2025-01; 67642,54914; 5630 | AZURE_WESTEUROPE_Rapid_Response
189889; 2025-02; 0; 5630 | AZURE_WESTEUROPE_Rapid_Response
189889; 2025-03; 0; 5630 | AZURE_WESTEUROPE_Rapid_Response
189889; 2025-04; 0; 5630 | AZURE_WESTEUROPE_Rapid_Response
189889; 2025-05; 296741,76; 5630 | AZURE_WESTEUROPE_Rapid_Response
189889; 2025-06; 0; 5630 | AZURE_WESTEUROPE_Rapid_Response
189889; 2025-07; 0; 5630 | AZURE_WESTEUROPE_Rapid_Response
189889; 2025-08; 0; 5630 | AZURE_WESTEUROPE_Rapid_Response
189889; 2025-09; 0; 5630 | AZURE_WESTEUROPE_Rapid_Response
189889; 2025-10; 0; 5630 | AZURE_WESTEUROPE_Rapid_Response
189889; 2025-11; 0; 5630 | AZURE_WESTEUROPE_Rapid_Response
189889; 2025-12; 0; 5630 | AZURE_WESTEUROPE_Rapid_Response
189871; 2025-01; -27513,843; 5634 | Azure Connectivity Express Route Direct
189871; 2025-02; -27514,25632; 5634 | Azure Connectivity Express Route Direct
189871; 2025-03; -27513,67343; 5634 | Azure Connectivity Express Route Direct
189871; 2025-04; -27513,67343; 5634 | Azure Connectivity Express Route Direct
189871; 2025-05; -27513,8324; 5634 | Azure Connectivity Express Route Direct
189871; 2025-06; -27513,72642; 5634 | Azure Connectivity Express Route Direct
189871; 2025-07; -27513,67343; 5634 | Azure Connectivity Express Route Direct
189871; 2025-08; -27513,67343; 5634 | Azure Connectivity Express Route Direct
189871; 2025-09; -27513,74762; 5634 | Azure Connectivity Express Route Direct
189871; 2025-10; 12755,42336; 5634 | Azure Connectivity Express Route Direct
189871; 2025-11; 12755,42336; 5634 | Azure Connectivity Express Route Direct
189871; 2025-12; 12755,42336; 5634 | Azure Connectivity Express Route Direct
189861; 2025-01; -632,7700094; 5506 | AZURE_CAAS_NPI
189861; 2025-02; -632,7700094; 5506 | AZURE_CAAS_NPI
189861; 2025-03; -632,7700094; 5506 | AZURE_CAAS_NPI
189861; 2025-04; -632,7700094; 5506 | AZURE_CAAS_NPI
189861; 2025-05; -632,7700094; 5506 | AZURE_CAAS_NPI
189861; 2025-06; -632,7700094; 5506 | AZURE_CAAS_NPI
189861; 2025-07; -632,7700094; 5506 | AZURE_CAAS_NPI
189861; 2025-08; -632,7700094; 5506 | AZURE_CAAS_NPI
189861; 2025-09; -632,7700094; 5506 | AZURE_CAAS_NPI
189861; 2025-10; -632,7700094; 5506 | AZURE_CAAS_NPI
189861; 2025-11; -632,7700094; 5506 | AZURE_CAAS_NPI
189861; 2025-12; -632,7700094; 5506 | AZURE_CAAS_NPI
189859; 2025-01; -1663,004411; 5400 | AZURE_WESTEUROPE_AD
189859; 2025-02; -1663,004411; 5400 | AZURE_WESTEUROPE_AD
189859; 2025-03; -1663,004411; 5400 | AZURE_WESTEUROPE_AD
189859; 2025-04; -1663,004411; 5400 | AZURE_WESTEUROPE_AD
189859; 2025-05; -1663,004411; 5400 | AZURE_WESTEUROPE_AD
189859; 2025-06; -1663,004411; 5400 | AZURE_WESTEUROPE_AD
189859; 2025-07; -1663,004411; 5400 | AZURE_WESTEUROPE_AD
189859; 2025-08; -1663,004411; 5400 | AZURE_WESTEUROPE_AD
189859; 2025-09; -1663,004411; 5400 | AZURE_WESTEUROPE_AD
189859; 2025-10; -161,8514342; 5400 | AZURE_WESTEUROPE_AD
189859; 2025-11; -161,8514342; 5400 | AZURE_WESTEUROPE_AD
189859; 2025-12; -161,8514342; 5400 | AZURE_WESTEUROPE_AD
189854; 2025-01; -17473,60674; 5408 | AZURE_WESTEUROPE_AMS_NPI_DMZ
189854; 2025-02; -17473,60674; 5408 | AZURE_WESTEUROPE_AMS_NPI_DMZ
189854; 2025-03; -17473,60674; 5408 | AZURE_WESTEUROPE_AMS_NPI_DMZ
189854; 2025-04; -17473,60674; 5408 | AZURE_WESTEUROPE_AMS_NPI_DMZ
189854; 2025-05; -17473,60674; 5408 | AZURE_WESTEUROPE_AMS_NPI_DMZ
189854; 2025-06; -17473,60674; 5408 | AZURE_WESTEUROPE_AMS_NPI_DMZ
189854; 2025-07; -10239,30758; 5408 | AZURE_WESTEUROPE_AMS_NPI_DMZ
189854; 2025-08; -16026,74691; 5408 | AZURE_WESTEUROPE_AMS_NPI_DMZ
189854; 2025-09; -16026,74691; 5408 | AZURE_WESTEUROPE_AMS_NPI_DMZ
189854; 2025-10; -2735,948429; 5408 | AZURE_WESTEUROPE_AMS_NPI_DMZ
189854; 2025-11; -2735,948429; 5408 | AZURE_WESTEUROPE_AMS_NPI_DMZ
189854; 2025-12; -2735,948429; 5408 | AZURE_WESTEUROPE_AMS_NPI_DMZ
189848; 2025-01; -101,8036195; 5413 | AZURE_WESTEUROPE_Connectivity_NPI
189848; 2025-02; -101,8036195; 5413 | AZURE_WESTEUROPE_Connectivity_NPI
189848; 2025-03; -101,8036195; 5413 | AZURE_WESTEUROPE_Connectivity_NPI
189848; 2025-04; -101,8036195; 5413 | AZURE_WESTEUROPE_Connectivity_NPI
189848; 2025-05; -101,8036195; 5413 | AZURE_WESTEUROPE_Connectivity_NPI
189848; 2025-06; -101,8036195; 5413 | AZURE_WESTEUROPE_Connectivity_NPI
189848; 2025-07; -101,8036195; 5413 | AZURE_WESTEUROPE_Connectivity_NPI
189848; 2025-08; -101,8036195; 5413 | AZURE_WESTEUROPE_Connectivity_NPI
189848; 2025-09; -101,8036195; 5413 | AZURE_WESTEUROPE_Connectivity_NPI
189848; 2025-10; -101,8036195; 5413 | AZURE_WESTEUROPE_Connectivity_NPI
189848; 2025-11; -101,8036195; 5413 | AZURE_WESTEUROPE_Connectivity_NPI
189848; 2025-12; -101,8036195; 5413 | AZURE_WESTEUROPE_Connectivity_NPI
[20241017 RBo] Anpassung an Abrechnungskosten der RBU 2024"; 2025-01; 100%; 
[20241017 RBo] Anpassung an Abrechnungskosten der RBU 2024"; 2025-02; NPI Infrastrukturen Cloud; 
[20241017 RBo] Anpassung an Abrechnungskosten der RBU 2024"; 2025-03; Bestand; 
[20241017 RBo] Anpassung an Abrechnungskosten der RBU 2024"; 2025-04; T-Systems International GmbH - Bonn | Extern; 
[20241017 RBo] Anpassung an Abrechnungskosten der RBU 2024"; 2025-05; M07c - 3409300061 - IT-Betriebsleistungen f�r IT-Ausstattung Server - Extern; 
[20241017 RBo] Anpassung an Abrechnungskosten der RBU 2024"; 2025-06; 79109092 - Proj 1 H Technologie Mgmt; 
[20241017 RBo] Anpassung an Abrechnungskosten der RBU 2024"; 2025-07; ; 
[20241017 RBo] Anpassung an Abrechnungskosten der RBU 2024"; 2025-08; ; 
[20241017 RBo] Anpassung an Abrechnungskosten der RBU 2024"; 2025-09; ; 
[20241017 RBo] Anpassung an Abrechnungskosten der RBU 2024"; 2025-10; ; 
[20241017 RBo] Anpassung an Abrechnungskosten der RBU 2024"; 2025-11; ; 
[20241017 RBo] Anpassung an Abrechnungskosten der RBU 2024"; 2025-12; SPL-3041 - Azure Cloud; 
189845; 2025-01; -17356,75408; 5409 | AZURE_WESTEUROPE_AMS_PI_DMZ
189845; 2025-02; -17356,75408; 5409 | AZURE_WESTEUROPE_AMS_PI_DMZ
189845; 2025-03; -17356,75408; 5409 | AZURE_WESTEUROPE_AMS_PI_DMZ
189845; 2025-04; -17356,75408; 5409 | AZURE_WESTEUROPE_AMS_PI_DMZ
189845; 2025-05; -17356,75408; 5409 | AZURE_WESTEUROPE_AMS_PI_DMZ
189845; 2025-06; -17356,75408; 5409 | AZURE_WESTEUROPE_AMS_PI_DMZ
189845; 2025-07; -10122,46552; 5409 | AZURE_WESTEUROPE_AMS_PI_DMZ
189845; 2025-08; -15909,89425; 5409 | AZURE_WESTEUROPE_AMS_PI_DMZ
189845; 2025-09; -15909,89425; 5409 | AZURE_WESTEUROPE_AMS_PI_DMZ
189845; 2025-10; 1626,229628; 5409 | AZURE_WESTEUROPE_AMS_PI_DMZ
189845; 2025-11; 1626,229628; 5409 | AZURE_WESTEUROPE_AMS_PI_DMZ
189845; 2025-12; 1626,229628; 5409 | AZURE_WESTEUROPE_AMS_PI_DMZ
189841; 2025-01; -1794,25965; 5410 | AZURE_WESTEUROPE_Connectivity_PI
189841; 2025-02; -1794,25965; 5410 | AZURE_WESTEUROPE_Connectivity_PI
189841; 2025-03; -1794,25965; 5410 | AZURE_WESTEUROPE_Connectivity_PI
189841; 2025-04; -1794,25965; 5410 | AZURE_WESTEUROPE_Connectivity_PI
189841; 2025-05; -1794,25965; 5410 | AZURE_WESTEUROPE_Connectivity_PI
189841; 2025-06; -1794,25965; 5410 | AZURE_WESTEUROPE_Connectivity_PI
189841; 2025-07; -1794,25965; 5410 | AZURE_WESTEUROPE_Connectivity_PI
189841; 2025-08; -1794,25965; 5410 | AZURE_WESTEUROPE_Connectivity_PI
189841; 2025-09; -1794,25965; 5410 | AZURE_WESTEUROPE_Connectivity_PI
189841; 2025-10; -1794,25965; 5410 | AZURE_WESTEUROPE_Connectivity_PI
189841; 2025-11; -1794,25965; 5410 | AZURE_WESTEUROPE_Connectivity_PI
189841; 2025-12; -1794,25965; 5410 | AZURE_WESTEUROPE_Connectivity_PI
189837; 2025-01; 1235,049803; 5440 | AZURE_WESTEUROPE_NATIVE_CCC
189837; 2025-02; 1235,049803; 5440 | AZURE_WESTEUROPE_NATIVE_CCC
189837; 2025-03; 1235,049803; 5440 | AZURE_WESTEUROPE_NATIVE_CCC
189837; 2025-04; 1235,049803; 5440 | AZURE_WESTEUROPE_NATIVE_CCC
189837; 2025-05; 1235,049803; 5440 | AZURE_WESTEUROPE_NATIVE_CCC
189837; 2025-06; 1235,049803; 5440 | AZURE_WESTEUROPE_NATIVE_CCC
189837; 2025-07; 1235,049803; 5440 | AZURE_WESTEUROPE_NATIVE_CCC
189837; 2025-08; 996,596603; 5440 | AZURE_WESTEUROPE_NATIVE_CCC
189837; 2025-09; 996,596603; 5440 | AZURE_WESTEUROPE_NATIVE_CCC
189837; 2025-10; 1235,049803; 5440 | AZURE_WESTEUROPE_NATIVE_CCC
189837; 2025-11; 1235,049803; 5440 | AZURE_WESTEUROPE_NATIVE_CCC
189837; 2025-12; 1235,049803; 5440 | AZURE_WESTEUROPE_NATIVE_CCC
189834; 2025-01; 838,8571618; 5576 | AZURE_CAAS_PI
189834; 2025-02; 838,8571618; 5576 | AZURE_CAAS_PI
189834; 2025-03; 838,8571618; 5576 | AZURE_CAAS_PI
189834; 2025-04; 838,8571618; 5576 | AZURE_CAAS_PI
189834; 2025-05; 838,8571618; 5576 | AZURE_CAAS_PI
189834; 2025-06; 838,8571618; 5576 | AZURE_CAAS_PI
189834; 2025-07; 838,8571618; 5576 | AZURE_CAAS_PI
189834; 2025-08; 838,8571618; 5576 | AZURE_CAAS_PI
189834; 2025-09; 838,8571618; 5576 | AZURE_CAAS_PI
189834; 2025-10; 838,8571618; 5576 | AZURE_CAAS_PI
189834; 2025-11; 838,8571618; 5576 | AZURE_CAAS_PI
189834; 2025-12; 838,8571618; 5576 | AZURE_CAAS_PI
189824; 2025-01; -18943,70781; 5396 | AZURE_WESTEUROPE_AMS_PI_BU1
189824; 2025-02; -18943,70781; 5396 | AZURE_WESTEUROPE_AMS_PI_BU1
189824; 2025-03; -18943,70781; 5396 | AZURE_WESTEUROPE_AMS_PI_BU1
189824; 2025-04; -18944,02575; 5396 | AZURE_WESTEUROPE_AMS_PI_BU1
189824; 2025-05; -18944,24831; 5396 | AZURE_WESTEUROPE_AMS_PI_BU1
189824; 2025-06; -18943,70781; 5396 | AZURE_WESTEUROPE_AMS_PI_BU1
189824; 2025-07; -16884,44718; 5396 | AZURE_WESTEUROPE_AMS_PI_BU1
189824; 2025-08; -18531,85145; 5396 | AZURE_WESTEUROPE_AMS_PI_BU1
189824; 2025-09; -18531,85145; 5396 | AZURE_WESTEUROPE_AMS_PI_BU1
189824; 2025-10; 8291,49467; 5396 | AZURE_WESTEUROPE_AMS_PI_BU1
189824; 2025-11; 8291,49467; 5396 | AZURE_WESTEUROPE_AMS_PI_BU1
189824; 2025-12; 8291,49467; 5396 | AZURE_WESTEUROPE_AMS_PI_BU1
189822; 2025-01; -7128,002023; 5397 | AZURE_WESTEUROPE_AMS_NPI_BU1
189822; 2025-02; -7128,002023; 5397 | AZURE_WESTEUROPE_AMS_NPI_BU1
189822; 2025-03; -7128,002023; 5397 | AZURE_WESTEUROPE_AMS_NPI_BU1
189822; 2025-04; -7128,002023; 5397 | AZURE_WESTEUROPE_AMS_NPI_BU1
189822; 2025-05; -7128,002023; 5397 | AZURE_WESTEUROPE_AMS_NPI_BU1
189822; 2025-06; -7128,002023; 5397 | AZURE_WESTEUROPE_AMS_NPI_BU1
189822; 2025-07; -7127,991425; 5397 | AZURE_WESTEUROPE_AMS_NPI_BU1
189822; 2025-08; -7127,991425; 5397 | AZURE_WESTEUROPE_AMS_NPI_BU1
189822; 2025-09; -7127,991425; 5397 | AZURE_WESTEUROPE_AMS_NPI_BU1
189822; 2025-10; -7127,991425; 5397 | AZURE_WESTEUROPE_AMS_NPI_BU1
189822; 2025-11; -7127,991425; 5397 | AZURE_WESTEUROPE_AMS_NPI_BU1
189822; 2025-12; -7127,991425; 5397 | AZURE_WESTEUROPE_AMS_NPI_BU1
189782; 2025-01; -17664,9098; 5315 | Azure-MPS Global
189782; 2025-02; -17664,9098; 5315 | Azure-MPS Global
189782; 2025-03; -17664,9098; 5315 | Azure-MPS Global
189782; 2025-04; -17664,8992; 5315 | Azure-MPS Global
189782; 2025-05; -17664,8992; 5315 | Azure-MPS Global
189782; 2025-06; -17664,8992; 5315 | Azure-MPS Global
189782; 2025-07; -17664,8992; 5315 | Azure-MPS Global
189782; 2025-08; -17664,8992; 5315 | Azure-MPS Global
189782; 2025-09; -17664,8992; 5315 | Azure-MPS Global
189782; 2025-10; -17664,8992; 5315 | Azure-MPS Global
189782; 2025-11; -17664,8992; 5315 | Azure-MPS Global
189782; 2025-12; -17664,8992; 5315 | Azure-MPS Global
189311; 2025-01; 9591,123111; 5785 | Technisches Enablement von GenAI@P&P NPI - Run Mehraufw�nde
189311; 2025-02; 9591,123111; 5785 | Technisches Enablement von GenAI@P&P NPI - Run Mehraufw�nde
189311; 2025-03; 9591,123111; 5785 | Technisches Enablement von GenAI@P&P NPI - Run Mehraufw�nde
189311; 2025-04; 9591,123111; 5785 | Technisches Enablement von GenAI@P&P NPI - Run Mehraufw�nde
189311; 2025-05; 9591,123111; 5785 | Technisches Enablement von GenAI@P&P NPI - Run Mehraufw�nde
189311; 2025-06; 9591,123111; 5785 | Technisches Enablement von GenAI@P&P NPI - Run Mehraufw�nde
189311; 2025-07; 9591,123111; 5785 | Technisches Enablement von GenAI@P&P NPI - Run Mehraufw�nde
189311; 2025-08; 9591,123111; 5785 | Technisches Enablement von GenAI@P&P NPI - Run Mehraufw�nde
189311; 2025-09; 9591,123111; 5785 | Technisches Enablement von GenAI@P&P NPI - Run Mehraufw�nde
189311; 2025-10; 9591,123111; 5785 | Technisches Enablement von GenAI@P&P NPI - Run Mehraufw�nde
189311; 2025-11; 9591,123111; 5785 | Technisches Enablement von GenAI@P&P NPI - Run Mehraufw�nde
189311; 2025-12; 9591,123111; 5785 | Technisches Enablement von GenAI@P&P NPI - Run Mehraufw�nde
189310; 2025-01; 0; 5785 | Technisches Enablement von GenAI@P&P NPI - Run Mehraufw�nde
189310; 2025-02; 0; 5785 | Technisches Enablement von GenAI@P&P NPI - Run Mehraufw�nde
189310; 2025-03; 0; 5785 | Technisches Enablement von GenAI@P&P NPI - Run Mehraufw�nde
189310; 2025-04; 0; 5785 | Technisches Enablement von GenAI@P&P NPI - Run Mehraufw�nde
189310; 2025-05; 0; 5785 | Technisches Enablement von GenAI@P&P NPI - Run Mehraufw�nde
189310; 2025-06; 0; 5785 | Technisches Enablement von GenAI@P&P NPI - Run Mehraufw�nde
189310; 2025-07; 0; 5785 | Technisches Enablement von GenAI@P&P NPI - Run Mehraufw�nde
189310; 2025-08; 238,4510804; 5785 | Technisches Enablement von GenAI@P&P NPI - Run Mehraufw�nde
189310; 2025-09; 0; 5785 | Technisches Enablement von GenAI@P&P NPI - Run Mehraufw�nde
189310; 2025-10; 0; 5785 | Technisches Enablement von GenAI@P&P NPI - Run Mehraufw�nde
189310; 2025-11; 0; 5785 | Technisches Enablement von GenAI@P&P NPI - Run Mehraufw�nde
189310; 2025-12; 0; 5785 | Technisches Enablement von GenAI@P&P NPI - Run Mehraufw�nde
189202; 2025-01; 50832,10046; 5634 | Azure Connectivity Express Route Direct
189202; 2025-02; 50832,10046; 5634 | Azure Connectivity Express Route Direct
189202; 2025-03; 50832,10046; 5634 | Azure Connectivity Express Route Direct
189202; 2025-04; 50832,10046; 5634 | Azure Connectivity Express Route Direct
189202; 2025-05; 50832,10046; 5634 | Azure Connectivity Express Route Direct
189202; 2025-06; 50832,10046; 5634 | Azure Connectivity Express Route Direct
189202; 2025-07; 50832,10046; 5634 | Azure Connectivity Express Route Direct
189202; 2025-08; 50832,10046; 5634 | Azure Connectivity Express Route Direct
189202; 2025-09; 50832,10046; 5634 | Azure Connectivity Express Route Direct
189202; 2025-10; 50832,10046; 5634 | Azure Connectivity Express Route Direct
189202; 2025-11; 50832,10046; 5634 | Azure Connectivity Express Route Direct
189202; 2025-12; 50832,10046; 5634 | Azure Connectivity Express Route Direct
189201; 2025-01; 40269,26551; 5634 | Azure Connectivity Express Route Direct
189201; 2025-02; 40269,67893; 5634 | Azure Connectivity Express Route Direct
189201; 2025-03; 40269,09594; 5634 | Azure Connectivity Express Route Direct
189201; 2025-04; 40269,09594; 5634 | Azure Connectivity Express Route Direct
189201; 2025-05; 40269,25502; 5634 | Azure Connectivity Express Route Direct
189201; 2025-06; 40269,14904; 5634 | Azure Connectivity Express Route Direct
189201; 2025-07; 40269,09594; 5634 | Azure Connectivity Express Route Direct
189201; 2025-08; 40269,09594; 5634 | Azure Connectivity Express Route Direct
189201; 2025-09; 40269,17023; 5634 | Azure Connectivity Express Route Direct
189201; 2025-10; 0; 5634 | Azure Connectivity Express Route Direct
189201; 2025-11; 0; 5634 | Azure Connectivity Express Route Direct
189201; 2025-12; 0; 5634 | Azure Connectivity Express Route Direct
189162; 2025-01; 6049,792852; 5576 | AZURE_CAAS_PI
189162; 2025-02; 6049,792852; 5576 | AZURE_CAAS_PI
189162; 2025-03; 6049,792852; 5576 | AZURE_CAAS_PI
189162; 2025-04; 6049,792852; 5576 | AZURE_CAAS_PI
189162; 2025-05; 6049,792852; 5576 | AZURE_CAAS_PI
189162; 2025-06; 6049,792852; 5576 | AZURE_CAAS_PI
189162; 2025-07; 6049,792852; 5576 | AZURE_CAAS_PI
189162; 2025-08; 6049,792852; 5576 | AZURE_CAAS_PI
189162; 2025-09; 6049,792852; 5576 | AZURE_CAAS_PI
189162; 2025-10; 6049,792852; 5576 | AZURE_CAAS_PI
189162; 2025-11; 6049,792852; 5576 | AZURE_CAAS_PI
189162; 2025-12; 6049,792852; 5576 | AZURE_CAAS_PI
189108; 2025-01; 6991,521056; 5506 | AZURE_CAAS_NPI
189108; 2025-02; 6991,521056; 5506 | AZURE_CAAS_NPI
189108; 2025-03; 6991,521056; 5506 | AZURE_CAAS_NPI
189108; 2025-04; 6991,521056; 5506 | AZURE_CAAS_NPI
189108; 2025-05; 6991,521056; 5506 | AZURE_CAAS_NPI
189108; 2025-06; 6991,521056; 5506 | AZURE_CAAS_NPI
189108; 2025-07; 6991,521056; 5506 | AZURE_CAAS_NPI
189108; 2025-08; 6991,521056; 5506 | AZURE_CAAS_NPI
189108; 2025-09; 6991,521056; 5506 | AZURE_CAAS_NPI
189108; 2025-10; 6991,521056; 5506 | AZURE_CAAS_NPI
189108; 2025-11; 6991,521056; 5506 | AZURE_CAAS_NPI
189108; 2025-12; 6991,521056; 5506 | AZURE_CAAS_NPI
189068; 2025-01; 4063,909879; 5440 | AZURE_WESTEUROPE_NATIVE_CCC
189068; 2025-02; 4063,909879; 5440 | AZURE_WESTEUROPE_NATIVE_CCC
189068; 2025-03; 4063,909879; 5440 | AZURE_WESTEUROPE_NATIVE_CCC
189068; 2025-04; 4063,909879; 5440 | AZURE_WESTEUROPE_NATIVE_CCC
189068; 2025-05; 4063,909879; 5440 | AZURE_WESTEUROPE_NATIVE_CCC
189068; 2025-06; 4063,909879; 5440 | AZURE_WESTEUROPE_NATIVE_CCC
189068; 2025-07; 4063,909879; 5440 | AZURE_WESTEUROPE_NATIVE_CCC
189068; 2025-08; 4063,909879; 5440 | AZURE_WESTEUROPE_NATIVE_CCC
189068; 2025-09; 4063,909879; 5440 | AZURE_WESTEUROPE_NATIVE_CCC
189068; 2025-10; 4063,909879; 5440 | AZURE_WESTEUROPE_NATIVE_CCC
189068; 2025-11; 4063,909879; 5440 | AZURE_WESTEUROPE_NATIVE_CCC
189068; 2025-12; 4063,909879; 5440 | AZURE_WESTEUROPE_NATIVE_CCC
189067; 2025-01; 0; 5440 | AZURE_WESTEUROPE_NATIVE_CCC
189067; 2025-02; 0; 5440 | AZURE_WESTEUROPE_NATIVE_CCC
189067; 2025-03; 0; 5440 | AZURE_WESTEUROPE_NATIVE_CCC
189067; 2025-04; 0; 5440 | AZURE_WESTEUROPE_NATIVE_CCC
189067; 2025-05; 0; 5440 | AZURE_WESTEUROPE_NATIVE_CCC
189067; 2025-06; 0; 5440 | AZURE_WESTEUROPE_NATIVE_CCC
189067; 2025-07; 0; 5440 | AZURE_WESTEUROPE_NATIVE_CCC
189067; 2025-08; 238,4510804; 5440 | AZURE_WESTEUROPE_NATIVE_CCC
189067; 2025-09; 238,4510804; 5440 | AZURE_WESTEUROPE_NATIVE_CCC
189067; 2025-10; 0; 5440 | AZURE_WESTEUROPE_NATIVE_CCC
189067; 2025-11; 0; 5440 | AZURE_WESTEUROPE_NATIVE_CCC
189067; 2025-12; 0; 5440 | AZURE_WESTEUROPE_NATIVE_CCC
189043; 2025-01; 1691,489712; 5413 | AZURE_WESTEUROPE_Connectivity_NPI
189043; 2025-02; 1691,489712; 5413 | AZURE_WESTEUROPE_Connectivity_NPI
189043; 2025-03; 1691,489712; 5413 | AZURE_WESTEUROPE_Connectivity_NPI
189043; 2025-04; 1691,489712; 5413 | AZURE_WESTEUROPE_Connectivity_NPI
189043; 2025-05; 1691,489712; 5413 | AZURE_WESTEUROPE_Connectivity_NPI
189043; 2025-06; 1691,489712; 5413 | AZURE_WESTEUROPE_Connectivity_NPI
189043; 2025-07; 1691,489712; 5413 | AZURE_WESTEUROPE_Connectivity_NPI
189043; 2025-08; 1691,489712; 5413 | AZURE_WESTEUROPE_Connectivity_NPI
189043; 2025-09; 1691,489712; 5413 | AZURE_WESTEUROPE_Connectivity_NPI
189043; 2025-10; 1691,489712; 5413 | AZURE_WESTEUROPE_Connectivity_NPI
189043; 2025-11; 1691,489712; 5413 | AZURE_WESTEUROPE_Connectivity_NPI
189043; 2025-12; 1691,489712; 5413 | AZURE_WESTEUROPE_Connectivity_NPI
189042; 2025-01; 26434,42153; 5410 | AZURE_WESTEUROPE_Connectivity_PI
189042; 2025-02; 26434,42153; 5410 | AZURE_WESTEUROPE_Connectivity_PI
189042; 2025-03; 26434,42153; 5410 | AZURE_WESTEUROPE_Connectivity_PI
189042; 2025-04; 26434,42153; 5410 | AZURE_WESTEUROPE_Connectivity_PI
189042; 2025-05; 26434,42153; 5410 | AZURE_WESTEUROPE_Connectivity_PI
189042; 2025-06; 26434,42153; 5410 | AZURE_WESTEUROPE_Connectivity_PI
189042; 2025-07; 26434,42153; 5410 | AZURE_WESTEUROPE_Connectivity_PI
189042; 2025-08; 26434,42153; 5410 | AZURE_WESTEUROPE_Connectivity_PI
189042; 2025-09; 26434,42153; 5410 | AZURE_WESTEUROPE_Connectivity_PI
189042; 2025-10; 26434,42153; 5410 | AZURE_WESTEUROPE_Connectivity_PI
189042; 2025-11; 26434,42153; 5410 | AZURE_WESTEUROPE_Connectivity_PI
189042; 2025-12; 26434,42153; 5410 | AZURE_WESTEUROPE_Connectivity_PI
189041; 2025-01; 35466,48868; 5409 | AZURE_WESTEUROPE_AMS_PI_DMZ
189041; 2025-02; 35466,48868; 5409 | AZURE_WESTEUROPE_AMS_PI_DMZ
189041; 2025-03; 35466,48868; 5409 | AZURE_WESTEUROPE_AMS_PI_DMZ
189041; 2025-04; 35466,48868; 5409 | AZURE_WESTEUROPE_AMS_PI_DMZ
189041; 2025-05; 35466,48868; 5409 | AZURE_WESTEUROPE_AMS_PI_DMZ
189041; 2025-06; 35466,48868; 5409 | AZURE_WESTEUROPE_AMS_PI_DMZ
189041; 2025-07; 35466,48868; 5409 | AZURE_WESTEUROPE_AMS_PI_DMZ
189041; 2025-08; 35466,48868; 5409 | AZURE_WESTEUROPE_AMS_PI_DMZ
189041; 2025-09; 35466,48868; 5409 | AZURE_WESTEUROPE_AMS_PI_DMZ
189041; 2025-10; 35466,48868; 5409 | AZURE_WESTEUROPE_AMS_PI_DMZ
189041; 2025-11; 35466,48868; 5409 | AZURE_WESTEUROPE_AMS_PI_DMZ
189041; 2025-12; 35466,48868; 5409 | AZURE_WESTEUROPE_AMS_PI_DMZ
189040; 2025-01; 18982,98805; 5409 | AZURE_WESTEUROPE_AMS_PI_DMZ
189040; 2025-02; 18982,98805; 5409 | AZURE_WESTEUROPE_AMS_PI_DMZ
189040; 2025-03; 18982,98805; 5409 | AZURE_WESTEUROPE_AMS_PI_DMZ
189040; 2025-04; 18982,98805; 5409 | AZURE_WESTEUROPE_AMS_PI_DMZ
189040; 2025-05; 18982,98805; 5409 | AZURE_WESTEUROPE_AMS_PI_DMZ
189040; 2025-06; 18982,98805; 5409 | AZURE_WESTEUROPE_AMS_PI_DMZ
189040; 2025-07; 11748,69811; 5409 | AZURE_WESTEUROPE_AMS_PI_DMZ
189040; 2025-08; 17536,13002; 5409 | AZURE_WESTEUROPE_AMS_PI_DMZ
189040; 2025-09; 17536,13002; 5409 | AZURE_WESTEUROPE_AMS_PI_DMZ
189040; 2025-10; 0; 5409 | AZURE_WESTEUROPE_AMS_PI_DMZ
189040; 2025-11; 0; 5409 | AZURE_WESTEUROPE_AMS_PI_DMZ
189040; 2025-12; 0; 5409 | AZURE_WESTEUROPE_AMS_PI_DMZ
189039; 2025-01; 21282,3044; 5408 | AZURE_WESTEUROPE_AMS_NPI_DMZ
189039; 2025-02; 21282,3044; 5408 | AZURE_WESTEUROPE_AMS_NPI_DMZ
189039; 2025-03; 21282,3044; 5408 | AZURE_WESTEUROPE_AMS_NPI_DMZ
189039; 2025-04; 21282,3044; 5408 | AZURE_WESTEUROPE_AMS_NPI_DMZ
189039; 2025-05; 21282,3044; 5408 | AZURE_WESTEUROPE_AMS_NPI_DMZ
189039; 2025-06; 21282,3044; 5408 | AZURE_WESTEUROPE_AMS_NPI_DMZ
189039; 2025-07; 21282,3044; 5408 | AZURE_WESTEUROPE_AMS_NPI_DMZ
189039; 2025-08; 21282,3044; 5408 | AZURE_WESTEUROPE_AMS_NPI_DMZ
189039; 2025-09; 21282,3044; 5408 | AZURE_WESTEUROPE_AMS_NPI_DMZ
189039; 2025-10; 21282,3044; 5408 | AZURE_WESTEUROPE_AMS_NPI_DMZ
189039; 2025-11; 21282,3044; 5408 | AZURE_WESTEUROPE_AMS_NPI_DMZ
189039; 2025-12; 21282,3044; 5408 | AZURE_WESTEUROPE_AMS_NPI_DMZ
189038; 2025-01; 14737,65715; 5408 | AZURE_WESTEUROPE_AMS_NPI_DMZ
189038; 2025-02; 14737,65715; 5408 | AZURE_WESTEUROPE_AMS_NPI_DMZ
189038; 2025-03; 14737,65715; 5408 | AZURE_WESTEUROPE_AMS_NPI_DMZ
189038; 2025-04; 14737,65715; 5408 | AZURE_WESTEUROPE_AMS_NPI_DMZ
189038; 2025-05; 14737,65715; 5408 | AZURE_WESTEUROPE_AMS_NPI_DMZ
189038; 2025-06; 14737,65715; 5408 | AZURE_WESTEUROPE_AMS_NPI_DMZ
189038; 2025-07; 7503,368374; 5408 | AZURE_WESTEUROPE_AMS_NPI_DMZ
189038; 2025-08; 13290,79944; 5408 | AZURE_WESTEUROPE_AMS_NPI_DMZ
189038; 2025-09; 13290,79944; 5408 | AZURE_WESTEUROPE_AMS_NPI_DMZ
189038; 2025-10; 0; 5408 | AZURE_WESTEUROPE_AMS_NPI_DMZ
189038; 2025-11; 0; 5408 | AZURE_WESTEUROPE_AMS_NPI_DMZ
189038; 2025-12; 0; 5408 | AZURE_WESTEUROPE_AMS_NPI_DMZ
189034; 2025-01; 2016,484891; 5400 | AZURE_WESTEUROPE_AD
189034; 2025-02; 2016,484891; 5400 | AZURE_WESTEUROPE_AD
189034; 2025-03; 2016,484891; 5400 | AZURE_WESTEUROPE_AD
189034; 2025-04; 2016,484891; 5400 | AZURE_WESTEUROPE_AD
189034; 2025-05; 2016,484891; 5400 | AZURE_WESTEUROPE_AD
189034; 2025-06; 2016,484891; 5400 | AZURE_WESTEUROPE_AD
189034; 2025-07; 2016,484891; 5400 | AZURE_WESTEUROPE_AD
189034; 2025-08; 2016,484891; 5400 | AZURE_WESTEUROPE_AD
189034; 2025-09; 2016,484891; 5400 | AZURE_WESTEUROPE_AD
189034; 2025-10; 2016,484891; 5400 | AZURE_WESTEUROPE_AD
189034; 2025-11; 2016,484891; 5400 | AZURE_WESTEUROPE_AD
189034; 2025-12; 2016,484891; 5400 | AZURE_WESTEUROPE_AD
189033; 2025-01; 1501,150539; 5400 | AZURE_WESTEUROPE_AD
189033; 2025-02; 1501,150539; 5400 | AZURE_WESTEUROPE_AD
189033; 2025-03; 1501,150539; 5400 | AZURE_WESTEUROPE_AD
189033; 2025-04; 1501,150539; 5400 | AZURE_WESTEUROPE_AD
189033; 2025-05; 1501,150539; 5400 | AZURE_WESTEUROPE_AD
189033; 2025-06; 1501,150539; 5400 | AZURE_WESTEUROPE_AD
189033; 2025-07; 1501,150539; 5400 | AZURE_WESTEUROPE_AD
189033; 2025-08; 1501,150539; 5400 | AZURE_WESTEUROPE_AD
189033; 2025-09; 1501,150539; 5400 | AZURE_WESTEUROPE_AD
189033; 2025-10; 0; 5400 | AZURE_WESTEUROPE_AD
189033; 2025-11; 0; 5400 | AZURE_WESTEUROPE_AD
189033; 2025-12; 0; 5400 | AZURE_WESTEUROPE_AD
189032; 2025-01; 36272,27683; 5397 | AZURE_WESTEUROPE_AMS_NPI_BU1
189032; 2025-02; 36272,27683; 5397 | AZURE_WESTEUROPE_AMS_NPI_BU1
189032; 2025-03; 36272,27683; 5397 | AZURE_WESTEUROPE_AMS_NPI_BU1
189032; 2025-04; 36272,27683; 5397 | AZURE_WESTEUROPE_AMS_NPI_BU1
189032; 2025-05; 36272,27683; 5397 | AZURE_WESTEUROPE_AMS_NPI_BU1
189032; 2025-06; 36272,27683; 5397 | AZURE_WESTEUROPE_AMS_NPI_BU1
189032; 2025-07; 36272,27683; 5397 | AZURE_WESTEUROPE_AMS_NPI_BU1
189032; 2025-08; 36272,27683; 5397 | AZURE_WESTEUROPE_AMS_NPI_BU1
189032; 2025-09; 36272,27683; 5397 | AZURE_WESTEUROPE_AMS_NPI_BU1
189032; 2025-10; 36272,27683; 5397 | AZURE_WESTEUROPE_AMS_NPI_BU1
189032; 2025-11; 36272,27683; 5397 | AZURE_WESTEUROPE_AMS_NPI_BU1
189032; 2025-12; 36272,27683; 5397 | AZURE_WESTEUROPE_AMS_NPI_BU1
189031; 2025-01; 55296,02872; 5396 | AZURE_WESTEUROPE_AMS_PI_BU1
189031; 2025-02; 55296,02872; 5396 | AZURE_WESTEUROPE_AMS_PI_BU1
189031; 2025-03; 55296,02872; 5396 | AZURE_WESTEUROPE_AMS_PI_BU1
189031; 2025-04; 55296,02872; 5396 | AZURE_WESTEUROPE_AMS_PI_BU1
189031; 2025-05; 55296,02872; 5396 | AZURE_WESTEUROPE_AMS_PI_BU1
189031; 2025-06; 55296,02872; 5396 | AZURE_WESTEUROPE_AMS_PI_BU1
189031; 2025-07; 55296,02872; 5396 | AZURE_WESTEUROPE_AMS_PI_BU1
189031; 2025-08; 55296,02872; 5396 | AZURE_WESTEUROPE_AMS_PI_BU1
189031; 2025-09; 55296,02872; 5396 | AZURE_WESTEUROPE_AMS_PI_BU1
189031; 2025-10; 55296,02872; 5396 | AZURE_WESTEUROPE_AMS_PI_BU1
189031; 2025-11; 55296,02872; 5396 | AZURE_WESTEUROPE_AMS_PI_BU1
189031; 2025-12; 55296,02872; 5396 | AZURE_WESTEUROPE_AMS_PI_BU1
189030; 2025-01; 27235,19846; 5396 | AZURE_WESTEUROPE_AMS_PI_BU1
189030; 2025-02; 27235,19846; 5396 | AZURE_WESTEUROPE_AMS_PI_BU1
189030; 2025-03; 27235,19846; 5396 | AZURE_WESTEUROPE_AMS_PI_BU1
189030; 2025-04; 27235,51629; 5396 | AZURE_WESTEUROPE_AMS_PI_BU1
189030; 2025-05; 27235,73895; 5396 | AZURE_WESTEUROPE_AMS_PI_BU1
189030; 2025-06; 27235,19846; 5396 | AZURE_WESTEUROPE_AMS_PI_BU1
189030; 2025-07; 25175,93453; 5396 | AZURE_WESTEUROPE_AMS_PI_BU1
189030; 2025-08; 26823,34559; 5396 | AZURE_WESTEUROPE_AMS_PI_BU1
189030; 2025-09; 26823,34559; 5396 | AZURE_WESTEUROPE_AMS_PI_BU1
189030; 2025-10; 0; 5396 | AZURE_WESTEUROPE_AMS_PI_BU1
189030; 2025-11; 0; 5396 | AZURE_WESTEUROPE_AMS_PI_BU1
189030; 2025-12; 0; 5396 | AZURE_WESTEUROPE_AMS_PI_BU1
189004; 2025-01; 42393,38181; 5315 | Azure-MPS Global
189004; 2025-02; 42393,38181; 5315 | Azure-MPS Global
189004; 2025-03; 42393,38181; 5315 | Azure-MPS Global
189004; 2025-04; 42393,38181; 5315 | Azure-MPS Global
189004; 2025-05; 42393,38181; 5315 | Azure-MPS Global
189004; 2025-06; 42393,38181; 5315 | Azure-MPS Global
189004; 2025-07; 42393,38181; 5315 | Azure-MPS Global
189004; 2025-08; 42393,38181; 5315 | Azure-MPS Global
189004; 2025-09; 42393,38181; 5315 | Azure-MPS Global
189004; 2025-10; 42393,38181; 5315 | Azure-MPS Global
189004; 2025-11; 42393,38181; 5315 | Azure-MPS Global
189004; 2025-12; 42393,38181; 5315 | Azure-MPS Global
186904; 2025-01; 1379,44; 19C-4610_M7C_ITS | POC_Google_Projekt | 19C-4610_M7C_ITS | POC_Google_Projekt
186904; 2025-02; 1379,44; 19C-4610_M7C_ITS | POC_Google_Projekt | 19C-4610_M7C_ITS | POC_Google_Projekt
186904; 2025-03; 1379,44; 19C-4610_M7C_ITS | POC_Google_Projekt | 19C-4610_M7C_ITS | POC_Google_Projekt
186904; 2025-04; 1379,44; 19C-4610_M7C_ITS | POC_Google_Projekt | 19C-4610_M7C_ITS | POC_Google_Projekt
186904; 2025-05; 1379,44; 19C-4610_M7C_ITS | POC_Google_Projekt | 19C-4610_M7C_ITS | POC_Google_Projekt
186904; 2025-06; 1379,44; 19C-4610_M7C_ITS | POC_Google_Projekt | 19C-4610_M7C_ITS | POC_Google_Projekt
186904; 2025-07; 1379,44; 19C-4610_M7C_ITS | POC_Google_Projekt | 19C-4610_M7C_ITS | POC_Google_Projekt
186904; 2025-08; 1379,44; 19C-4610_M7C_ITS | POC_Google_Projekt | 19C-4610_M7C_ITS | POC_Google_Projekt
186904; 2025-09; 1379,44; 19C-4610_M7C_ITS | POC_Google_Projekt | 19C-4610_M7C_ITS | POC_Google_Projekt
186904; 2025-10; 1379,44; 19C-4610_M7C_ITS | POC_Google_Projekt | 19C-4610_M7C_ITS | POC_Google_Projekt
186904; 2025-11; 1379,44; 19C-4610_M7C_ITS | POC_Google_Projekt | 19C-4610_M7C_ITS | POC_Google_Projekt
186904; 2025-12; 1379,44; 19C-4610_M7C_ITS | POC_Google_Projekt | 19C-4610_M7C_ITS | POC_Google_Projekt
Gebunden; 2025-01; 343515,5185; 
Gebunden; 2025-02; 236631,023; 
Gebunden; 2025-03; 146784,3583; 
Gebunden; 2025-04; 146784,3583; 
Gebunden; 2025-05; 146784,3583; 
Gebunden; 2025-06; 146784,3583; 
Gebunden; 2025-07; 146784,3583; 
Gebunden; 2025-08; 145041,0005; 
Gebunden; 2025-09; 145041,0005; 
Gebunden; 2025-10; 145041,0005; 
Gebunden; 2025-11; 145041,0005; 
Gebunden; 2025-12; 143776,0005; 
Geplant abzgl. Gebunden; 2025-01; -84548,49825; 
Geplant abzgl. Gebunden; 2025-02; 71647,31498; 
Geplant abzgl. Gebunden; 2025-03; 189817,4971; 
Geplant abzgl. Gebunden; 2025-04; 101539,4931; 
Geplant abzgl. Gebunden; 2025-05; 132440,044; 
Geplant abzgl. Gebunden; 2025-06; 82804,78405; 
Geplant abzgl. Gebunden; 2025-07; 485525,7603; 
Geplant abzgl. Gebunden; 2025-08; 137776,2088; 
Geplant abzgl. Gebunden; 2025-09; 137537,7578; 
Geplant abzgl. Gebunden; 2025-10; 148866,7666; 
Geplant abzgl. Gebunden; 2025-11; 163102,1688; 
Geplant abzgl. Gebunden; 2025-12; 167406,9267; 
Ist; 2025-01; 254832,0425; 
Ist; 2025-02; 304143,376; 
Ist; 2025-03; 343427,4201; 
Ist; 2025-04; 233228,3418; 
Ist; 2025-05; 253821,4302; 
Ist; 2025-06; 0; 
Ist; 2025-07; 0; 
Ist; 2025-08; 0; 
Ist; 2025-09; 0; 
Ist; 2025-10; 0; 
Ist; 2025-11; 0; 
Ist; 2025-12; 0; 
