Gesamt Budgetwerte;;;;;;;;;;;;;;Details;;;;;;;;;;;;;;;;;;;;;
Id;Gesamt;Jan;Feb;MÑr;Apr;Mai;Jun;Jul;Aug;Sep;Okt;Nov;Dez;Status;Budget Trag. Objekt;Kommentar;Abrechnungs-ID;Eintrittswahrscheinlichkeit;Einsatzart;Ma·nahmenkategorie;Dienstleister;Sachkonto;Kostenstelle;Auftragsart;Produkt;Hersteller;Edition;Fachthema;IT-System;Anlagennummer;Anlagenunternummer;Bid Waiver Id;zugeordnetes PFT Projekt;Erstellt am;
Geplant / FC;3771924,559;258967,0202;308278,3379;336601,8554;248323,8514;279224,4023;229589,1424;632310,1186;282817,2092;282578,7583;293907,767;308143,1693;311182,9272;;;;;;;;;;;;;;;;;;;;;;
260904;-12465,43004;0;0;0;0;-12465,43004;0;0;0;0;0;0;0;Erfasst;5630 | AZURE_WESTEUROPE_Rapid_Response;[20250522 RBo] Angebot fÅr Azure Rapid Response 01.05.25-31.12.25 und 01.01.26-30.04.26 wurde im Mai 25 angenommen. Kosten fÅr 2025 sind in der GPL25 angepasst. Planung fÅr GPL26 erfolgt Ende 2025.;5630;100%;Cloudservice Produktion;Bestand;T-Systems International GmbH - Bonn | Extern;M07c - 3409300061 - IT-Betriebsleistungen fÅr IT-Ausstattung Server - Extern;79109092 - Proj 1 H Technologie Mgmt;;;;;;SPL-3041 - Azure Cloud;;;;;2025-05-22T08:39:04.613Z;
260222;22725,10025;0;0;0;1614,010014;10611,09004;1500,000029;1500,000029;1500,000029;1500,000029;1500,000029;1500,000029;1500,000029;Erfasst;5793 | 2.ter Tenant DHL;[20250507 RBo] Fehlende Kalkulation der KostenfÅr 2.ten Tenant bei der GPL Planung 2025. Nachzahlung der Verbrauchszahlen bis 202408 und Forecast bis 202512.;5793;100%;Cloudservice Produktion;Bestand;unbekannt  | Extern;M07c - 3409300061 - IT-Betriebsleistungen fÅr IT-Ausstattung Server - Extern;79109092 - Proj 1 H Technologie Mgmt;;;;;;SPL-3041 - Azure Cloud;;;;;2025-05-07T13:31:22.880Z;
260025;0;0;0;0;-11056,03629;0;0;0;0;0;0;11056,03629;0;Geplant;5785 | Technisches Enablement von GenAI@P&P NPI - Run MehraufwÑnde;05.05.25 KEl: Anpassung lt. Abrechnung April;5785;100%;Infrastrukturbetrieb Produktion;GeÑnderte Monatisierung;T-Systems International GmbH - Bonn | Extern;M07c - 3409300061 - IT-Betriebsleistungen fÅr IT-Ausstattung Server - Extern;79109092 - Proj 1 H Technologie Mgmt;;;;;;SPL-3041 - Azure Cloud;;;;;2025-05-05T11:43:32.383Z;
259884;0;0;0;0;-1328,99;-1329;-1329;-1329;-1329;-1329;0;0;7973,99;Geplant;19C-4610_M7C_ITS | POC_Google_Projekt | 19C-4610_M7C_ITS | POC_Google_Projekt;05.05.25 KEl: Anpassung lt. letzten Abrechnungen;;100%;Cloudservice Produktion;GeÑnderte Monatisierung;Deutsche Post IT Services GmbH - Bonn | Intern;M07c - 3410120011 - Konzernintern bezogene IT-Betriebsleistungen fÅr Mainframe und Server bei DP ITS - Intern;79109092 - Proj 1 H Technologie Mgmt;;;;;;SPL-3041 - Azure Cloud;;;;;2025-05-05T07:28:17.823Z;
259337;-0,000211958;-1589,680052;-1589,690014;-1589,690014;1888,54998;360,0599869;360,0599869;360,0599869;360,0599869;360,0599869;360,0599869;360,0599869;360,089979;Geplant;5819 | Azure_Fastlane_Support;[20250429 RBo] GeÑnderte Monatisierung April;5819;100%;Infrastrukturbetrieb Produktion;GeÑnderte Monatisierung;T-Systems International GmbH - Bonn | Extern;M07c - 3409300061 - IT-Betriebsleistungen fÅr IT-Ausstattung Server - Extern;79109092 - Proj 1 H Technologie Mgmt;;;;;;SPL-3041 - Azure Cloud;;;;;2025-04-29T09:11:31.363Z;
259336;-49999,99989;0;0;0;0;-9999,999979;-9999,999979;-9999,999979;-9999,999979;-9999,999979;0;0;0;Geplant;5634 | Azure Connectivity Express Route Direct;[20250429 RBo] Anpassung der Kosten an Durchschnittswerte der ersten 4 Monate des Jahres.;5634;100%;Cloudservice Produktion;Bestand;unbekannt  | Extern;M07c - 3409300061 - IT-Betriebsleistungen fÅr IT-Ausstattung Server - Extern;79109092 - Proj 1 H Technologie Mgmt;;;;;;SPL-3041 - Azure Cloud;;;;;2025-04-29T09:04:29.333Z;
259335;0,000317938;0,050022182;0,050022182;0,050022182;-14031,98998;1753,980029;1753,980029;1753,980029;1753,980029;1753,980029;1753,980029;1753,980029;1753,980029;Geplant;5634 | Azure Connectivity Express Route Direct;[20250429 RBo] GeÑnderte Monatisierung April;5634;100%;Infrastrukturbetrieb Produktion;GeÑnderte Monatisierung;T-Systems International GmbH - Bonn | Extern;M07c - 3409300061 - IT-Betriebsleistungen fÅr IT-Ausstattung Server - Extern;79109092 - Proj 1 H Technologie Mgmt;;;;;;SPL-3041 - Azure Cloud;;;;;2025-04-29T09:01:47.280Z;
259334;4043,210022;0;0;0;4043,210022;0;0;0;0;0;0;0;0;Geplant;5576 | AZURE_CAAS_PI;[20250429 RBo] Kosten der KÅndigung und der Dekommisionierung wurden bei der GPL nicht erfasst.;5576;100%;Cloudservice Produktion;Technologiewechsel/-optimierung;T-Systems International GmbH - Bonn | Extern;M07c - 3409300061 - IT-Betriebsleistungen fÅr IT-Ausstattung Server - Extern;79109092 - Proj 1 H Technologie Mgmt;;;;;;SPL-3041 - Azure Cloud;;;;;2025-04-29T08:54:38.987Z;
259332;3793,730004;0;0;0;3793,730004;0;0;0;0;0;0;0;0;Geplant;5506 | AZURE_CAAS_NPI;[20250429 RBo] Kosten der KÅndigung und der Dekommisionierung wurden bei der GPL nicht berÅcksichtigt.;5506;100%;Cloudservice Produktion;Bestand;T-Systems International GmbH - Bonn | Extern;M07c - 3409300061 - IT-Betriebsleistungen fÅr IT-Ausstattung Server - Extern;79109092 - Proj 1 H Technologie Mgmt;;;;;;SPL-3041 - Azure Cloud;;;;;2025-04-29T08:52:11.817Z;
259331;0,000211958;0;0;0;-29,01000435;3,620037514;3,620037514;3,620037514;3,620037514;3,620037514;3,620037514;3,620037514;3,669953717;Geplant;5440 | AZURE_WESTEUROPE_NATIVE_CCC;[20250429 RBo] GeÑnderte Monatisierung April;5440;100%;Cloudservice Produktion;GeÑnderte Monatisierung;T-Systems International GmbH - Bonn | Extern;M07c - 3409300061 - IT-Betriebsleistungen fÅr IT-Ausstattung Server - Extern;79109092 - Proj 1 H Technologie Mgmt;;;;;;SPL-3041 - Azure Cloud;;;;;2025-04-29T08:48:11.660Z;
259330;-3,76514E-15;0;0;0;-35,48999656;4,439998584;4,439998584;4,439998584;4,439998584;4,439998584;4,439998584;4,439998584;4,41000647;Geplant;5413 | AZURE_WESTEUROPE_Connectivity_NPI;[20250429 RBo] GeÑnderte Monatisierung April;5413;100%;NPI Infrastrukturen Cloud;GeÑnderte Monatisierung;T-Systems International GmbH - Bonn | Extern;M07c - 3409300061 - IT-Betriebsleistungen fÅr IT-Ausstattung Server - Extern;79109092 - Proj 1 H Technologie Mgmt;;;;;;SPL-3041 - Azure Cloud;;;;;2025-04-29T08:40:27.940Z;
259329;0,030310051;0,029992114;0,029992114;0,029992114;1961,059995;-245,1399576;-245,1399576;-245,1399576;-245,1399576;-245,1399576;-245,1399576;-245,1399576;-245,1399576;Geplant;5410 | AZURE_WESTEUROPE_Connectivity_PI;[20250429 RBo] GeÑnderte Monatisierung April;5410;100%;Cloudservice Produktion;GeÑnderte Monatisierung;T-Systems International GmbH - Bonn | Extern;M07c - 3409300061 - IT-Betriebsleistungen fÅr IT-Ausstattung Server - Extern;79109092 - Proj 1 H Technologie Mgmt;;;;;;SPL-3041 - Azure Cloud;;;;;2025-04-29T08:34:37.810Z;
259327;0,000317938;0,029992114;0,029992114;0,029992114;1910,519998;-238,8299561;-238,8299561;-238,8299561;-238,8299561;-238,8299561;-238,8299561;-238,8299561;-238,7999639;Geplant;5409 | AZURE_WESTEUROPE_AMS_PI_DMZ;[20250429 RBo] GeÑnderte Monatisierung April;5409;100%;Cloudservice Produktion;GeÑnderte Monatisierung;T-Systems International GmbH - Bonn | Extern;M07c - 3409300061 - IT-Betriebsleistungen fÅr IT-Ausstattung Server - Extern;79109092 - Proj 1 H Technologie Mgmt;;;;;;SPL-3041 - Azure Cloud;;;;;2025-04-29T08:27:59.720Z;
259326;0,000211958;0,020030069;0,020030069;0,020030069;-4006,040043;500,7500243;500,7500243;500,7500243;500,7500243;500,7500243;500,7500243;500,7500243;500,7299943;Geplant;5408 | AZURE_WESTEUROPE_AMS_NPI_DMZ;[20250429 RBo] GeÑnderte Monatisierung April;5408;100%;NPI Infrastrukturen Cloud;GeÑnderte Monatisierung;T-Systems International GmbH - Bonn | Extern;M07c - 3409300061 - IT-Betriebsleistungen fÅr IT-Ausstattung Server - Extern;79109092 - Proj 1 H Technologie Mgmt;;;;;;SPL-3041 - Azure Cloud;;;;;2025-04-29T08:22:36.177Z;
259325;-0,000211958;0;0,009962045;0,009962045;139,0700394;-17,39002095;-17,39002095;-17,39002095;-17,39002095;-17,39002095;-17,39002095;-17,39002095;-17,36002884;Geplant;5400 | AZURE_WESTEUROPE_AD;[20250429 RBo] GeÑnderte Monatisierung April;5400;100%;Cloudservice Produktion;GeÑnderte Monatisierung;T-Systems International GmbH - Bonn | Extern;M07c - 3409300061 - IT-Betriebsleistungen fÅr IT-Ausstattung Server - Extern;79109092 - Proj 1 H Technologie Mgmt;;;;;;SPL-3041 - Azure Cloud;;;;;2025-04-29T08:17:33.840Z;
259323;0,000211958;0,029992114;0,029992114;0,029992114;369,8699515;-46,24995876;-46,24995876;-46,24995876;-46,24995876;-46,24995876;-46,24995876;-46,24995876;-46,2100046;Geplant;5397 | AZURE_WESTEUROPE_AMS_NPI_BU1;[20250429 RBo] GeÑnderte Monatisierung April;5397;100%;NPI Infrastrukturen Cloud;GeÑnderte Monatisierung;T-Systems International GmbH - Bonn | Extern;M07c - 3409300061 - IT-Betriebsleistungen fÅr IT-Ausstattung Server - Extern;79109092 - Proj 1 H Technologie Mgmt;;;;;;SPL-3041 - Azure Cloud;;;;;2025-04-29T08:10:24.050Z;
259320;1,20484E-13;0,059984227;0,080014296;0,059984227;-2528,469982;316,0299744;316,0299744;316,0299744;316,0299744;316,0299744;316,0400424;316,0400424;316,0400424;Geplant;5396 | AZURE_WESTEUROPE_AMS_PI_BU1;[20250429 RBo] GeÑanderte Monatisierung April;5396;100%;Cloudservice Produktion;GeÑnderte Monatisierung;T-Systems International GmbH - Bonn | Extern;M07c - 3409300061 - IT-Betriebsleistungen fÅr IT-Ausstattung Server - Extern;79109092 - Proj 1 H Technologie Mgmt;;;;;;SPL-3041 - Azure Cloud;;;;;2025-04-29T08:03:48.913Z;
259315;0,000105979;0;0;0;-24774,93997;3096,870027;3096,870027;3096,870027;3096,870027;3096,870027;3096,870027;3096,859959;3096,859959;Geplant;5315 | Azure-MPS Global;[20250429 RBo] Anpassung Monatisierung April;5315;100%;Cloudservice Produktion;GeÑnderte Monatisierung;unbekannt  | Extern;M07c - 3409300061 - IT-Betriebsleistungen fÅr IT-Ausstattung Server - Extern;79109092 - Proj 1 H Technologie Mgmt;;;;;;SPL-3041 - Azure Cloud;;;;;2025-04-29T07:55:20.083Z;
258175;0;0;0;81,80534448;-9,14600496;-9,08241744;-9,08241744;-9,08241744;-9,08241744;-9,08241744;-9,08241744;-9,08241744;-9,08241744;Geplant;5440 | AZURE_WESTEUROPE_NATIVE_CCC;[20250403 RBo] GeÑnderte Monatisierung MÑrz;5440;100%;Cloudservice Produktion;GeÑnderte Monatisierung;T-Systems International GmbH - Bonn | Extern;M07c - 3409300061 - IT-Betriebsleistungen fÅr IT-Ausstattung Server - Extern;79109092 - Proj 1 H Technologie Mgmt;;;;;;SPL-3041 - Azure Cloud;;;;;2025-04-03T11:57:40.757Z;
258174;0;0,03179376;0;1609,495512;-178,8928896;-178,8293021;-178,8293021;-178,8293021;-178,8293021;-178,8293021;-178,8293021;-178,8293021;-178,8293021;Geplant;5409 | AZURE_WESTEUROPE_AMS_PI_DMZ;[20250403 RBo] GeÑnderte Monatisierung MÑrz;5409;100%;Cloudservice Produktion;GeÑnderte Monatisierung;T-Systems International GmbH - Bonn | Extern;M07c - 3409300061 - IT-Betriebsleistungen fÅr IT-Ausstattung Server - Extern;79109092 - Proj 1 H Technologie Mgmt;;;;;;SPL-3041 - Azure Cloud;;;;;2025-04-03T11:55:09.290Z;
258172;1,80727E-13;0;0;1459,503151;-162,148176;-162,1693718;-162,1693718;-162,1693718;-162,1693718;-162,1693718;-162,1693718;-162,1693718;-162,1693718;Geplant;5397 | AZURE_WESTEUROPE_AMS_NPI_BU1;[20250403 RBo] GeÑnderte Monatisierung MÑrz;5397;100%;NPI Infrastrukturen Cloud;GeÑnderte Monatisierung;T-Systems International GmbH - Bonn | Extern;M07c - 3409300061 - IT-Betriebsleistungen fÅr IT-Ausstattung Server - Extern;79109092 - Proj 1 H Technologie Mgmt;;;;;;SPL-3041 - Azure Cloud;;;;;2025-04-03T11:51:49.543Z;
258170;-3,76514E-15;0;0;-27,05648976;3,06279888;2,99921136;2,99921136;2,99921136;2,99921136;2,99921136;2,99921136;2,99921136;2,99921136;Geplant;5413 | AZURE_WESTEUROPE_Connectivity_NPI;[20250403 RBo] GeÑnderte Monatisierung MÑrz;5413;100%;NPI Infrastrukturen Cloud;GeÑnderte Monatisierung;T-Systems International GmbH - Bonn | Extern;M07c - 3409300061 - IT-Betriebsleistungen fÅr IT-Ausstattung Server - Extern;79109092 - Proj 1 H Technologie Mgmt;;;;;;SPL-3041 - Azure Cloud;;;;;2025-04-03T11:47:21.167Z;
258159;-8703,5418;0;0;-8703,5418;0;0;0;0;0;0;0;0;0;Geplant;5408 | AZURE_WESTEUROPE_AMS_NPI_DMZ;[20250403 RBo] Korrektur der fehlerhaften Berechnung der Monatisierung;5408;100%;NPI Infrastrukturen Cloud;GeÑnderte Monatisierung;T-Systems International GmbH - Bonn | Extern;M07c - 3409300061 - IT-Betriebsleistungen fÅr IT-Ausstattung Server - Extern;79109092 - Proj 1 H Technologie Mgmt;;;;;;SPL-3041 - Azure Cloud;;;;;2025-04-03T11:43:34.327Z;
258157;0;0,02119584;0,01059792;4351,7709;-483,5618938;-483,5301;-483,5301;-483,5301;-483,5301;-483,5301;-483,5301;-483,5301;-483,5301;Geplant;5408 | AZURE_WESTEUROPE_AMS_NPI_DMZ;[20250403 RBo] GeÑnderte Monatisierung MÑrz;5408;100%;NPI Infrastrukturen Cloud;GeÑnderte Monatisierung;T-Systems International GmbH - Bonn | Extern;M07c - 3409300061 - IT-Betriebsleistungen fÅr IT-Ausstattung Server - Extern;79109092 - Proj 1 H Technologie Mgmt;;;;;;SPL-3041 - Azure Cloud;;;;;2025-04-03T11:40:23.637Z;
258155;9,63875E-13;0;0;2686,339566;-298,5010147;-298,4798189;-298,4798189;-298,4798189;-298,4798189;-298,4798189;-298,4798189;-298,4798189;-298,4798189;Geplant;5410 | AZURE_WESTEUROPE_Connectivity_PI;[20250403 RBo] GeÑnderrte Monatisierung MÑrz;5410;100%;Cloudservice Produktion;GeÑnderte Monatisierung;T-Systems International GmbH - Bonn | Extern;M07c - 3409300061 - IT-Betriebsleistungen fÅr IT-Ausstattung Server - Extern;79109092 - Proj 1 H Technologie Mgmt;;;;;;SPL-3041 - Azure Cloud;;;;;2025-04-03T11:35:43.937Z;
258153;-4,51817E-14;0,01059792;0,01059792;498,2824046;-55,39532784;-55,36353408;-55,36353408;-55,36353408;-55,36353408;-55,36353408;-55,36353408;-55,36353408;-55,36353408;Geplant;5400 | AZURE_WESTEUROPE_AD;[20250403 RBo] GeÑnderte Monatisierung MÑrz;5400;100%;Cloudservice Produktion;GeÑnderte Monatisierung;T-Systems International GmbH - Bonn | Extern;M07c - 3409300061 - IT-Betriebsleistungen fÅr IT-Ausstattung Server - Extern;79109092 - Proj 1 H Technologie Mgmt;;;;;;SPL-3041 - Azure Cloud;;;;;2025-04-03T11:33:16.587Z;
258148;7,22906E-13;0;0;4963,313276;-551,4415714;-551,483963;-551,483963;-551,483963;-551,483963;-551,483963;-551,483963;-551,483963;-551,483963;Geplant;5315 | Azure-MPS Global;[20250403 RBo] Anpassung Monatisierung MÑrz;5315;100%;Cloudservice Produktion;GeÑnderte Monatisierung;T-Systems International GmbH - Bonn | Extern;M07c - 3409300061 - IT-Betriebsleistungen fÅr IT-Ausstattung Server - Extern;79109092 - Proj 1 H Technologie Mgmt;;;;;;SPL-3041 - Azure Cloud;;;;;2025-04-03T11:26:21.277Z;
258142;9,63875E-13;0,04239168;0,04239168;-11802,416;1311,407817;1311,365425;1311,365425;1311,365425;1311,365425;1311,365425;1311,365425;1311,365425;1311,365425;Geplant;5634 | Azure Connectivity Express Route Direct;[20250403 RBo] GeÑnderte Monatisierung MÑrz;5634;100%;Infrastrukturbetrieb Produktion;GeÑnderte Monatisierung;T-Systems International GmbH - Bonn | Extern;M07c - 3409300061 - IT-Betriebsleistungen fÅr IT-Ausstattung Server - Extern;79109092 - Proj 1 H Technologie Mgmt;;;;;;SPL-3041 - Azure Cloud;;;;;2025-04-03T11:08:37.527Z;
258110;0;0;0;-6654,614133;3475,238133;0;0;0;0;0;0;3179,376;0;Geplant;5785 | Technisches Enablement von GenAI@P&P NPI - Run MehraufwÑnde;03.04.25 KEl: Anpassung Monatisierung lt. Abrechnung;5785;100%;Infrastrukturbetrieb Produktion;GeÑnderte Monatisierung;T-Systems International GmbH - Bonn | Extern;M07c - 3409300061 - IT-Betriebsleistungen fÅr IT-Ausstattung Server - Extern;79109092 - Proj 1 H Technologie Mgmt;;;;;;SPL-3041 - Azure Cloud;;;;;2025-04-03T07:38:07.377Z;
257627;-0,059984227;-67642,54999;0;67642,49;0;-349731,36;0;349731,36;0;0;0;0;0;Geplant;5630 | AZURE_WESTEUROPE_Rapid_Response;AKM 0325: énderung der Monatisierung und Anpassung LE auf IST MÑrz;5630;100%;Cloudservice Produktion;Bestand;T-Systems International GmbH - Bonn | Extern;M07c - 3409300061 - IT-Betriebsleistungen fÅr IT-Ausstattung Server - Extern;79109092 - Proj 1 H Technologie Mgmt;;;;;;SPL-3041 - Azure Cloud;;;;;2025-04-01T08:27:39.167Z;
257624;463275,3595;38606,27996;38606,27996;38606,27996;38606,27996;38606,27996;38606,27996;38606,27996;38606,27996;38606,27996;38606,27996;38606,27996;38606,27996;Geplant;5634 | Azure Connectivity Express Route Direct;AKM 0325: Verlagerung Sachkonten;5634;100%;Cloudservice Produktion;Bestand;T-Systems International GmbH - Bonn | Extern;M07c - 3409300071 - IT-Betriebsleistungen fÅr IT-Ausstattung Clients - Extern;79109092 - Proj 1 H Technologie Mgmt;;;;;;SPL-3041 - Azure Cloud;;;;;2025-04-01T08:25:06.207Z;
257623;-463275,9598;-38606,32998;-38606,32998;-38606,32998;-38606,32998;-38606,32998;-38606,32998;-38606,32998;-38606,32998;-38606,32998;-38606,32998;-38606,32998;-38606,32998;Geplant;5634 | Azure Connectivity Express Route Direct;AKM 0325: Verlagerung Sachkonten;5634;100%;Cloudservice Produktion;Bestand;T-Systems International GmbH - Bonn | Extern;M07c - 3409300061 - IT-Betriebsleistungen fÅr IT-Ausstattung Server - Extern;79109092 - Proj 1 H Technologie Mgmt;;;;;;SPL-3041 - Azure Cloud;;;;;2025-04-01T08:25:06.207Z;
257622;231894,5197;18983,14003;19355,57997;19355,57997;19355,57997;19355,57997;19355,57997;19355,57997;19355,57997;19355,57997;19355,57997;19355,57997;19355,57997;Geplant;5409 | AZURE_WESTEUROPE_AMS_PI_DMZ;AKM 0325: Verlagerung Sachkonten;5409;100%;Cloudservice Produktion;Bestand;T-Systems International GmbH - Bonn | Extern;M07c - 3409300071 - IT-Betriebsleistungen fÅr IT-Ausstattung Clients - Extern;79109092 - Proj 1 H Technologie Mgmt;;;;;;SPL-3041 - Azure Cloud;;;;;2025-04-01T08:22:43.623Z;
257621;-231894,5497;-18983,17002;-19355,57997;-19355,57997;-19355,57997;-19355,57997;-19355,57997;-19355,57997;-19355,57997;-19355,57997;-19355,57997;-19355,57997;-19355,57997;Geplant;5409 | AZURE_WESTEUROPE_AMS_PI_DMZ;AKM 0325: Verlagerung Sachkonten;5409;100%;Cloudservice Produktion;Bestand;T-Systems International GmbH - Bonn | Extern;M07c - 3409300061 - IT-Betriebsleistungen fÅr IT-Ausstattung Server - Extern;79109092 - Proj 1 H Technologie Mgmt;;;;;;SPL-3041 - Azure Cloud;;;;;2025-04-01T08:22:43.623Z;
257619;145542,2202;11844,03997;12154,38002;12154,38002;12154,38002;12154,38002;12154,38002;12154,38002;12154,38002;12154,38002;12154,38002;12154,38002;12154,38002;Geplant;5408 | AZURE_WESTEUROPE_AMS_NPI_DMZ;AKM 0325: Verlagerung Sachkonten;5408;100%;NPI Infrastrukturen Cloud;Bestand;T-Systems International GmbH - Bonn | Extern;M07c - 3409300071 - IT-Betriebsleistungen fÅr IT-Ausstattung Clients - Extern;79109092 - Proj 1 H Technologie Mgmt;;;;;;SPL-3041 - Azure Cloud;;;;;2025-04-01T08:20:02.967Z;
257618;-145542,3498;-11844,06;-12154,38999;-12154,38999;-12154,38999;-12154,38999;-12154,38999;-12154,38999;-12154,38999;-12154,38999;-12154,38999;-12154,38999;-12154,38999;Geplant;5408 | AZURE_WESTEUROPE_AMS_NPI_DMZ;AKM 0325: Verlagerung Sachkonten;5408;100%;NPI Infrastrukturen Cloud;Bestand;T-Systems International GmbH - Bonn | Extern;M07c - 3409300061 - IT-Betriebsleistungen fÅr IT-Ausstattung Server - Extern;79109092 - Proj 1 H Technologie Mgmt;;;;;;SPL-3041 - Azure Cloud;;;;;2025-04-01T08:20:02.967Z;
257616;18420,91963;1501,159971;2744,960053;1417,47996;1417,47996;1417,47996;1417,47996;1417,47996;1417,47996;1417,47996;1417,47996;1417,47996;1417,47996;Geplant;5400 | AZURE_WESTEUROPE_AD;AKM 0325: Verlagerung Sachkonten;5400;100%;Cloudservice Produktion;Bestand;T-Systems International GmbH - Bonn | Extern;M07c - 3409300071 - IT-Betriebsleistungen fÅr IT-Ausstattung Clients - Extern;79109092 - Proj 1 H Technologie Mgmt;;;;;;SPL-3041 - Azure Cloud;;;;;2025-04-01T08:17:43.350Z;
257615;-18420,93966;-1501,170039;-2744,970015;-1417,47996;-1417,47996;-1417,47996;-1417,47996;-1417,47996;-1417,47996;-1417,47996;-1417,47996;-1417,47996;-1417,47996;Geplant;5400 | AZURE_WESTEUROPE_AD;AKM 0325: Verlagerung Sachkonten;5400;100%;Cloudservice Produktion;Bestand;T-Systems International GmbH - Bonn | Extern;M07c - 3409300061 - IT-Betriebsleistungen fÅr IT-Ausstattung Server - Extern;79109092 - Proj 1 H Technologie Mgmt;;;;;;SPL-3041 - Azure Cloud;;;;;2025-04-01T08:17:43.350Z;
257611;184666,5605;15388,88004;15388,88004;15388,88004;15388,88004;15388,88004;15388,88004;15388,88004;15388,88004;15388,88004;15388,88004;15388,88004;15388,88004;Geplant;5397 | AZURE_WESTEUROPE_AMS_NPI_BU1;AKM 0325: Verlagerung Sachkonten;5397;100%;NPI Infrastrukturen Cloud;Bestand;T-Systems International GmbH - Bonn | Extern;M07c - 3409300071 - IT-Betriebsleistungen fÅr IT-Ausstattung Clients - Extern;79109092 - Proj 1 H Technologie Mgmt;;;;;;SPL-3041 - Azure Cloud;;;;;2025-04-01T08:13:58.290Z;
257610;-184666,5605;-15388,88004;-15388,88004;-15388,88004;-15388,88004;-15388,88004;-15388,88004;-15388,88004;-15388,88004;-15388,88004;-15388,88004;-15388,88004;-15388,88004;Geplant;5397 | AZURE_WESTEUROPE_AMS_NPI_BU1;AKM 0325: Verlagerung Sachkonten;5397;100%;NPI Infrastrukturen Cloud;Bestand;T-Systems International GmbH - Bonn | Extern;M07c - 3409300061 - IT-Betriebsleistungen fÅr IT-Ausstattung Server - Extern;79109092 - Proj 1 H Technologie Mgmt;;;;;;SPL-3041 - Azure Cloud;;;;;2025-04-01T08:13:58.290Z;
257606;330738,7704;27235,46001;27591,21004;27591,21004;27591,21004;27591,21004;27591,21004;27591,21004;27591,21004;27591,21004;27591,21004;27591,21004;27591,21004;Geplant;5396 | AZURE_WESTEUROPE_AMS_PI_BU1;AKM 0325: Verlagerung Sachkonten;5396;100%;Cloudservice Produktion;Bestand;T-Systems International GmbH - Bonn | Extern;M07c - 3409300071 - IT-Betriebsleistungen fÅr IT-Ausstattung Clients - Extern;79109092 - Proj 1 H Technologie Mgmt;;;;;;SPL-3041 - Azure Cloud;;;;;2025-04-01T08:07:40.880Z;
257605;-330738,7704;-27235,46001;-27591,21004;-27591,21004;-27591,21004;-27591,21004;-27591,21004;-27591,21004;-27591,21004;-27591,21004;-27591,21004;-27591,21004;-27591,21004;Geplant;5396 | AZURE_WESTEUROPE_AMS_PI_BU1;AKM 0325: Verlagerung Sachkonten;5396;100%;Cloudservice Produktion;Bestand;T-Systems International GmbH - Bonn | Extern;M07c - 3409300061 - IT-Betriebsleistungen fÅr IT-Ausstattung Server - Extern;79109092 - Proj 1 H Technologie Mgmt;;;;;;SPL-3041 - Azure Cloud;;;;;2025-04-01T08:07:40.880Z;
257376;0;0;0;-1342,11;0;0;0;0;0;0;0;0;1342,11;Geplant;19C-4610_M7C_ITS | POC_Google_Projekt | 19C-4610_M7C_ITS | POC_Google_Projekt;31.03.25 KEl: Anpassung Monatisierung lt. Abrechnung MÑrz;;100%;Cloudservice Produktion;GeÑnderte Monatisierung;Deutsche Post IT Services GmbH - Bonn | Intern;M07c - 3410120011 - Konzernintern bezogene IT-Betriebsleistungen fÅr Mainframe und Server bei DP ITS - Intern;79109092 - Proj 1 H Technologie Mgmt;;;;;;SPL-3041 - Azure Cloud;;;;;2025-03-31T08:29:08.573Z;
257012;16651,93729;6802,454799;6858,134787;299,1347703;299,1347703;299,1347703;299,1347703;299,1347703;299,1347703;299,1347703;299,1347703;299,1347703;299,1347703;Geplant;5576 | AZURE_CAAS_PI;AKM 0325: Korrektur Kronos Savings und Verschiebung 2 MonatsVersatz TSI;5576;100%;Cloudservice Produktion;Buchhalterische Effekte (Abt. 5120);T-Systems International GmbH - Bonn | Extern;M07c - 3409300061 - IT-Betriebsleistungen fÅr IT-Ausstattung Server - Extern;79109092 - Proj 1 H Technologie Mgmt;;;;;;SPL-3041 - Azure Cloud;;;;;2025-03-27T09:16:20.410Z;
257011;14926,06273;5897,982735;5918,852689;310,9227308;310,9227308;310,9227308;310,9227308;310,9227308;310,9227308;310,9227308;310,9227308;310,9227308;310,9227308;Geplant;5506 | AZURE_CAAS_NPI;AKM 0325: Korrektur Kronos Savings und Verschiebung 2 Monatsversatz TSI;5506;100%;Cloudservice Produktion;Buchhalterische Effekte (Abt. 5120);T-Systems International GmbH - Bonn | Extern;M07c - 3409300061 - IT-Betriebsleistungen fÅr IT-Ausstattung Server - Extern;79109092 - Proj 1 H Technologie Mgmt;;;;;;SPL-3041 - Azure Cloud;;;;;2025-03-27T09:14:30.383Z;
257005;-0,01059792;0;0;-3524,444275;391,6037419;391,6037419;391,6037419;391,6037419;391,6037419;391,6037419;391,6037419;391,6037419;391,6037419;Geplant;5396 | AZURE_WESTEUROPE_AMS_PI_BU1;[20250327 RBo] Monatisierung MÑrz;5396;100%;Cloudservice Produktion;GeÑnderte Monatisierung;T-Systems International GmbH - Bonn | Extern;M07c - 3409300061 - IT-Betriebsleistungen fÅr IT-Ausstattung Server - Extern;79109092 - Proj 1 H Technologie Mgmt;;;;;;SPL-3041 - Azure Cloud;;;;;2025-03-27T08:55:14.340Z;
253895;-4,51817E-14;493,735897;177,0488515;-67,11662736;-67,07423568;-67,07423568;-67,07423568;-67,07423568;-67,07423568;-67,07423568;-67,07423568;-67,07423568;-67,07423568;Geplant;5440 | AZURE_WESTEUROPE_NATIVE_CCC;[20250305 RBo] Monatisierung MÑrz;5440;100%;Cloudservice Produktion;GeÑnderte Monatisierung;T-Systems International GmbH - Bonn | Extern;M07c - 3409300061 - IT-Betriebsleistungen fÅr IT-Ausstattung Server - Extern;79109092 - Proj 1 H Technologie Mgmt;;;;;;SPL-3041 - Azure Cloud;;;;;2025-03-05T09:33:33.987Z;
253894;9,03633E-14;445,4411755;398,8951109;-84,43362864;-84,43362864;-84,43362864;-84,43362864;-84,43362864;-84,43362864;-84,43362864;-84,43362864;-84,43362864;-84,43362864;Geplant;5409 | AZURE_WESTEUROPE_AMS_PI_DMZ;[20250305 RBo] Monatisierung MÑrz;5409;100%;Cloudservice Produktion;GeÑnderte Monatisierung;T-Systems International GmbH - Bonn | Extern;M07c - 3409300061 - IT-Betriebsleistungen fÅr IT-Ausstattung Server - Extern;79109092 - Proj 1 H Technologie Mgmt;;;;;;SPL-3041 - Azure Cloud;;;;;2025-03-05T09:31:14.703Z;
253885;-4,81938E-13;776,7109589;641,9266123;-141,8637571;-141,8637571;-141,8637571;-141,8637571;-141,8637571;-141,8637571;-141,8637571;-141,8637571;-141,8637571;-141,8637571;Geplant;5397 | AZURE_WESTEUROPE_AMS_NPI_BU1;[20250305 RBo] Monatisierung MÑrz;5397;100%;NPI Infrastrukturen Cloud;GeÑnderte Monatisierung;T-Systems International GmbH - Bonn | Extern;M07c - 3409300061 - IT-Betriebsleistungen fÅr IT-Ausstattung Server - Extern;79109092 - Proj 1 H Technologie Mgmt;;;;;;SPL-3041 - Azure Cloud;;;;;2025-03-05T09:27:12.790Z;
253884;3,37356E-12;-6854,437914;23170,65641;-1631,602774;-1631,623969;-1631,623969;-1631,623969;-1631,623969;-1631,623969;-1631,623969;-1631,623969;-1631,623969;-1631,623969;Geplant;5396 | AZURE_WESTEUROPE_AMS_PI_BU1;[20250305 RBo] Monatisierung MÑrz;5396;100%;Cloudservice Produktion;GeÑnderte Monatisierung;T-Systems International GmbH - Bonn | Extern;M07c - 3409300061 - IT-Betriebsleistungen fÅr IT-Ausstattung Server - Extern;79109092 - Proj 1 H Technologie Mgmt;;;;;;SPL-3041 - Azure Cloud;;;;;2025-03-05T09:23:05.257Z;
253883;-9,63875E-13;-4579,191665;-3493,614926;807,3283498;807,2753602;807,2753602;807,2753602;807,2753602;807,2753602;807,2753602;807,2753602;807,2753602;807,2753602;Geplant;5408 | AZURE_WESTEUROPE_AMS_NPI_DMZ;[20250305 RBo] Monatisierung MÑrz;5408;100%;NPI Infrastrukturen Cloud;GeÑnderte Monatisierung;T-Systems International GmbH - Bonn | Extern;M07c - 3409300061 - IT-Betriebsleistungen fÅr IT-Ausstattung Server - Extern;79109092 - Proj 1 H Technologie Mgmt;;;;;;SPL-3041 - Azure Cloud;;;;;2025-03-05T09:18:30.530Z;
253880;2,25908E-14;-77,18465136;-100,0867565;17,6985264;17,73032016;17,73032016;17,73032016;17,73032016;17,73032016;17,73032016;17,73032016;17,73032016;17,73032016;Geplant;5413 | AZURE_WESTEUROPE_Connectivity_NPI;[20250305 RBo] Monatisierung MÑrz;5413;100%;NPI Infrastrukturen Cloud;GeÑnderte Monatisierung;T-Systems International GmbH - Bonn | Extern;M07c - 3409300061 - IT-Betriebsleistungen fÅr IT-Ausstattung Server - Extern;79109092 - Proj 1 H Technologie Mgmt;;;;;;SPL-3041 - Azure Cloud;;;;;2025-03-05T09:14:10.750Z;
253871;1,68678E-12;3550,387983;2391,473638;-594,2147765;-594,1829827;-594,1829827;-594,1829827;-594,1829827;-594,1829827;-594,1829827;-594,1829827;-594,1829827;-594,1829827;Geplant;5410 | AZURE_WESTEUROPE_Connectivity_PI;[20250305 RBo] Monatisierung MÑrz;5410;100%;Cloudservice Produktion;GeÑnderte Monatisierung;T-Systems International GmbH - Bonn | Extern;M07c - 3409300061 - IT-Betriebsleistungen fÅr IT-Ausstattung Server - Extern;79109092 - Proj 1 H Technologie Mgmt;;;;;;SPL-3041 - Azure Cloud;;;;;2025-03-05T08:53:14.770Z;
253870;-2,10848E-13;-33,92394192;1209,879743;-117,6051182;-117,5945203;-117,5945203;-117,5945203;-117,5945203;-117,5945203;-117,5945203;-117,5945203;-117,5945203;-117,5945203;Geplant;5400 | AZURE_WESTEUROPE_AD;[2025035 RBo] Monatisierung MÑrz;5400;100%;Cloudservice Produktion;GeÑnderte Monatisierung;T-Systems International GmbH - Bonn | Extern;M07c - 3409300061 - IT-Betriebsleistungen fÅr IT-Ausstattung Server - Extern;79109092 - Proj 1 H Technologie Mgmt;;;;;;SPL-3041 - Azure Cloud;;;;;2025-03-05T08:44:47.270Z;
253869;-1,92775E-12;-10115,9372;-9809,975246;1992,61032;1992,589125;1992,589125;1992,589125;1992,589125;1992,589125;1992,589125;1992,589125;1992,589125;1992,589125;Geplant;5634 | Azure Connectivity Express Route Direct;[20250305 RBo] Monatisierung MÑrz;5634;100%;Infrastrukturbetrieb Produktion;GeÑnderte Monatisierung;T-Systems International GmbH - Bonn | Extern;M07c - 3409300061 - IT-Betriebsleistungen fÅr IT-Ausstattung Server - Extern;79109092 - Proj 1 H Technologie Mgmt;;;;;;SPL-3041 - Azure Cloud;;;;;2025-03-05T08:28:46.800Z;
253868;1,92775E-12;-10235,82087;-4438,758627;1467,419797;1467,462189;1467,462189;1467,462189;1467,462189;1467,462189;1467,462189;1467,462189;1467,462189;1467,462189;Geplant;5315 | Azure-MPS Global;[20250305 RBo] Monatisierung MÑrz;5315;100%;Cloudservice Produktion;Bestand;T-Systems International GmbH - Bonn | Extern;M07c - 3409300061 - IT-Betriebsleistungen fÅr IT-Ausstattung Server - Extern;79109092 - Proj 1 H Technologie Mgmt;;;;;;SPL-3041 - Azure Cloud;;;;;2025-03-05T08:23:42.387Z;
253186;0;0;-1373,7;0;0;0;0;0;0;0;0;0;1373,7;Geplant;19C-4610_M7C_ITS | POC_Google_Projekt | 19C-4610_M7C_ITS | POC_Google_Projekt;28.02.25 KEl: Anpassung Monatisierung lt. Rechnung Februar;;100%;Cloudservice Produktion;GeÑnderte Monatisierung;Deutsche Post IT Services GmbH - Bonn | Intern;M07c - 3410120011 - Konzernintern bezogene IT-Betriebsleistungen fÅr Mainframe und Server bei DP ITS - Intern;79109092 - Proj 1 H Technologie Mgmt;;;;;;SPL-3041 - Azure Cloud;;;;;2025-02-28T08:20:57.610Z;
252262;0;-8834,002195;3622,771777;0;0;0;0;0;0;0;0;0;5211,230418;Geplant;5785 | Technisches Enablement von GenAI@P&P NPI - Run MehraufwÑnde;11.02.25 KEl: Anpassung Monatisierung lt. WE-Buchung;5785;100%;Infrastrukturbetrieb Produktion;GeÑnderte Monatisierung;T-Systems International GmbH - Bonn | Extern;M07c - 3409300061 - IT-Betriebsleistungen fÅr IT-Ausstattung Server - Extern;79109092 - Proj 1 H Technologie Mgmt;;;;;;SPL-3041 - Azure Cloud;;;;;2025-02-11T09:05:38.120Z;
251711;0;-1374,01;0;0;0;0;0;0;0;0;0;0;1374,01;Geplant;19C-4610_M7C_ITS | POC_Google_Projekt | 19C-4610_M7C_ITS | POC_Google_Projekt;04.02.25 KEl: Anpassung Monatisierung lt. Rechnung DPITS;;100%;Cloudservice Produktion;GeÑnderte Monatisierung;Deutsche Post IT Services GmbH - Bonn | Intern;M07c - 3410120011 - Konzernintern bezogene IT-Betriebsleistungen fÅr Mainframe und Server bei DP ITS - Intern;79109092 - Proj 1 H Technologie Mgmt;;;;;;SPL-3041 - Azure Cloud;;;;;2025-02-04T08:50:18.840Z;
194068;49620,14352;4135,01196;4135,01196;4135,01196;4135,01196;4135,01196;4135,01196;4135,01196;4135,01196;4135,01196;4135,01196;4135,01196;4135,01196;Erfasst;5816 | Technisches Enablement von GenAI@P&P PI - Run MehraufwÑnde;[20241112 RBo] Ausgangsplanwert fÅr PI AI Incubator;5816;50%;Infrastrukturbetrieb Produktion;Technology - Enabling cloud Computing;unbekannt  | Extern;M07c - 3409300061 - IT-Betriebsleistungen fÅr IT-Ausstattung Server - Extern;79109092 - Proj 1 H Technologie Mgmt;;;;;;SPL-3041 - Azure Cloud;;;;;2024-11-12T07:59:35.893Z;
193989;19076,256;1589,688;1589,688;1589,688;1589,688;1589,688;1589,688;1589,688;1589,688;1589,688;1589,688;1589,688;1589,688;Geplant;5819 | Azure_Fastlane_Support;[20241111 RBo] Integration von Beauftragungen in Fastlane;5819;100%;Infrastrukturbetrieb Produktion;Weiterentwicklung;T-Systems International GmbH - Bonn | Extern;M07c - 3409300061 - IT-Betriebsleistungen fÅr IT-Ausstattung Server - Extern;79109092 - Proj 1 H Technologie Mgmt;;;;;;SPL-3041 - Azure Cloud;;;;;2024-11-11T10:56:20.747Z;
193950;-21949,64885;-1829,137404;-1829,137404;-1829,137404;-1829,137404;-1829,137404;-1829,137404;-1829,137404;-1829,137404;-1829,137404;-1829,137404;-1829,137404;-1829,137404;Geplant;5634 | Azure Connectivity Express Route Direct;[AKM: 11-2024] Verteilung nachhaltiger Kronos Savings 2024 auf die GPL-2025. Die Verteilung erfolgt linear von Januar bis Dezember 2025.;5634;100%;Infrastrukturbetrieb Produktion;Rahmenvertrag;T-Systems International GmbH - Bonn | Extern;M07c - 3409300061 - IT-Betriebsleistungen fÅr IT-Ausstattung Server - Extern;79109092 - Proj 1 H Technologie Mgmt;;;;;;SPL-3041 - Azure Cloud;;;;;2024-11-11T10:50:31.130Z;
193924;-3589,642679;-299,1368899;-299,1368899;-299,1368899;-299,1368899;-299,1368899;-299,1368899;-299,1368899;-299,1368899;-299,1368899;-299,1368899;-299,1368899;-299,1368899;Geplant;5576 | AZURE_CAAS_PI;[AKM: 11-2024] Verteilung nachhaltiger Kronos Savings 2024 auf die GPL-2025. Die Verteilung erfolgt linear von Januar bis Dezember 2025.;5576;100%;Infrastrukturbetrieb Produktion;Rahmenvertrag;T-Systems International GmbH - Bonn | Extern;M07c - 3409300061 - IT-Betriebsleistungen fÅr IT-Ausstattung Server - Extern;79109092 - Proj 1 H Technologie Mgmt;;;;;;SPL-3041 - Azure Cloud;;;;;2024-11-11T10:50:30.927Z;
193900;-3731,061324;-310,921777;-310,921777;-310,921777;-310,921777;-310,921777;-310,921777;-310,921777;-310,921777;-310,921777;-310,921777;-310,921777;-310,921777;Geplant;5506 | AZURE_CAAS_NPI;[AKM: 11-2024] Verteilung nachhaltiger Kronos Savings 2024 auf die GPL-2025. Die Verteilung erfolgt linear von Januar bis Dezember 2025.;5506;100%;Infrastrukturbetrieb Produktion;Rahmenvertrag;T-Systems International GmbH - Bonn | Extern;M07c - 3409300061 - IT-Betriebsleistungen fÅr IT-Ausstattung Server - Extern;79109092 - Proj 1 H Technologie Mgmt;;;;;;SPL-3041 - Azure Cloud;;;;;2024-11-11T10:50:30.690Z;
193857;-8302,622486;-691,8852072;-691,8852072;-691,8852072;-691,8852072;-691,8852072;-691,8852072;-691,8852072;-691,8852072;-691,8852072;-691,8852072;-691,8852072;-691,8852072;Geplant;5410 | AZURE_WESTEUROPE_Connectivity_PI;[AKM: 11-2024] Verteilung nachhaltiger Kronos Savings 2024 auf die GPL-2025. Die Verteilung erfolgt linear von Januar bis Dezember 2025.;5410;100%;Infrastrukturbetrieb Produktion;Rahmenvertrag;T-Systems International GmbH - Bonn | Extern;M07c - 3409300061 - IT-Betriebsleistungen fÅr IT-Ausstattung Server - Extern;79109092 - Proj 1 H Technologie Mgmt;;;;;;SPL-3041 - Azure Cloud;;;;;2024-11-11T10:50:30.490Z;
193652;-82663,776;-6888,648;-6888,648;-6888,648;-6888,648;-6888,648;-6888,648;-6888,648;-6888,648;-6888,648;-6888,648;-6888,648;-6888,648;Geplant;5576 | AZURE_CAAS_PI;[20241111 RBo] KÅndigung des Produktes CaaS zum 31.12.2024.;5576;100%;Cloudservice Produktion;Technologiewechsel/-optimierung;T-Systems International GmbH - Bonn | Extern;M07c - 3409300061 - IT-Betriebsleistungen fÅr IT-Ausstattung Server - Extern;79109092 - Proj 1 H Technologie Mgmt;;;;;;SPL-3041 - Azure Cloud;;;;;2024-11-11T08:19:57.940Z;
193651;-76305,024;-6358,752;-6358,752;-6358,752;-6358,752;-6358,752;-6358,752;-6358,752;-6358,752;-6358,752;-6358,752;-6358,752;-6358,752;Geplant;5506 | AZURE_CAAS_NPI;[20241111 RBo] KÅndigung des Produktes CaaS zum 31.12.2024.;5506;100%;Cloudservice Produktion;Technologiewechsel/-optimierung;T-Systems International GmbH - Bonn | Extern;M07c - 3409300061 - IT-Betriebsleistungen fÅr IT-Ausstattung Server - Extern;79109092 - Proj 1 H Technologie Mgmt;;;;;;SPL-3041 - Azure Cloud;;;;;2024-11-11T08:18:21.423Z;
190238;12717,504;1059,792;1059,792;1059,792;1059,792;1059,792;1059,792;1059,792;1059,792;1059,792;1059,792;1059,792;1059,792;Geplant;5785 | Technisches Enablement von GenAI@P&P NPI - Run MehraufwÑnde;[RBO 20241022] PrÅfung weiterer Usecases und weitere Technologien.;5785;100%;Infrastrukturbetrieb Produktion;Technology - Enabling cloud Computing;T-Systems International GmbH - Bonn | Extern;M07c - 3409300061 - IT-Betriebsleistungen fÅr IT-Ausstattung Server - Extern;79109092 - Proj 1 H Technologie Mgmt;;;;;;SPL-3041 - Azure Cloud;;;;;2024-10-22T13:45:59.643Z;
189890;0;0;0;0;0;52989,6;-52989,6;0;0;0;0;0;0;Erfasst;5630 | AZURE_WESTEUROPE_Rapid_Response;[20241017 RBo] Risiko der Erhîhung auf Grund von Zunahme der Arbeitsbereiche in Azure.;5630;50%;Cloudservice Produktion;Bestand;T-Systems International GmbH - Bonn | Extern;M07c - 3409300061 - IT-Betriebsleistungen fÅr IT-Ausstattung Server - Extern;79109092 - Proj 1 H Technologie Mgmt;;;;;;SPL-3041 - Azure Cloud;;;;;2024-10-17T10:15:40.410Z;
189889;364384,3091;67642,54914;0;0;0;296741,76;0;0;0;0;0;0;0;Geplant;5630 | AZURE_WESTEUROPE_Rapid_Response;[20241017 RBo] Anpassung an Abrechnungskosten der RBU 2024. Jan. Zahlung fÅr Vertrag 01.01.2025 - 30.04.2025. Mai Zahlung fÅr neuen, noch nicht abgeschlossenen Vertrag 01.05.2025 - 31.12.2025.;5630;100%;Cloudservice Produktion;Bestand;T-Systems International GmbH - Bonn | Extern;M07c - 3409300061 - IT-Betriebsleistungen fÅr IT-Ausstattung Server - Extern;79109092 - Proj 1 H Technologie Mgmt;;;;;;SPL-3041 - Azure Cloud;;;;;2024-10-17T10:14:25.967Z;
189871;-209357,8294;-27513,843;-27514,25632;-27513,67343;-27513,67343;-27513,8324;-27513,72642;-27513,67343;-27513,67343;-27513,74762;12755,42336;12755,42336;12755,42336;Geplant;5634 | Azure Connectivity Express Route Direct;[20241017 RBo] Anpassung an Abrechnungskosten der RBU 2024;5634;100%;Cloudservice Produktion;Bestand;T-Systems International GmbH - Bonn | Extern;M07c - 3409300061 - IT-Betriebsleistungen fÅr IT-Ausstattung Server - Extern;79109092 - Proj 1 H Technologie Mgmt;;;;;;SPL-3041 - Azure Cloud;;;;;2024-10-17T09:53:10.307Z;
189861;-7593,240113;-632,7700094;-632,7700094;-632,7700094;-632,7700094;-632,7700094;-632,7700094;-632,7700094;-632,7700094;-632,7700094;-632,7700094;-632,7700094;-632,7700094;Geplant;5506 | AZURE_CAAS_NPI;[20241017 RBo] Anpassung an die Abrechnungskosten der RBU 2024 2024;5506;100%;Cloudservice Produktion;Bestand;T-Systems International GmbH - Bonn | Extern;M07c - 3409300061 - IT-Betriebsleistungen fÅr IT-Ausstattung Server - Extern;79109092 - Proj 1 H Technologie Mgmt;;;;;;SPL-3041 - Azure Cloud;;;;;2024-10-17T09:37:37.440Z;
189859;-15452,594;-1663,004411;-1663,004411;-1663,004411;-1663,004411;-1663,004411;-1663,004411;-1663,004411;-1663,004411;-1663,004411;-161,8514342;-161,8514342;-161,8514342;Geplant;5400 | AZURE_WESTEUROPE_AD;[20241017 RBo] Anpassung an Abrechnungskosten der RBU 2024;5400;100%;Cloudservice Produktion;Bestand;T-Systems International GmbH - Bonn | Extern;M07c - 3409300061 - IT-Betriebsleistungen fÅr IT-Ausstattung Server - Extern;79109092 - Proj 1 H Technologie Mgmt;;;;;;SPL-3041 - Azure Cloud;;;;;2024-10-17T09:34:28.643Z;
189854;-155342,2872;-17473,60674;-17473,60674;-17473,60674;-17473,60674;-17473,60674;-17473,60674;-10239,30758;-16026,74691;-16026,74691;-2735,948429;-2735,948429;-2735,948429;Geplant;5408 | AZURE_WESTEUROPE_AMS_NPI_DMZ;[20241017 RBo] Anpassung an Abrechnungskosten der RBU 2024;5408;100%;NPI Infrastrukturen Cloud;Bestand;T-Systems International GmbH - Bonn | Extern;M07c - 3409300061 - IT-Betriebsleistungen fÅr IT-Ausstattung Server - Extern;79109092 - Proj 1 H Technologie Mgmt;;;;;;SPL-3041 - Azure Cloud;;;;;2024-10-17T09:21:40.337Z;
189848;-1221,643434;-101,8036195;-101,8036195;-101,8036195;-101,8036195;-101,8036195;-101,8036195;-101,8036195;-101,8036195;-101,8036195;-101,8036195;-101,8036195;-101,8036195;Geplant;5413 | AZURE_WESTEUROPE_Connectivity_NPI;"
[20241017 RBo] Anpassung an Abrechnungskosten der RBU 2024";5413;100%;NPI Infrastrukturen Cloud;Bestand;T-Systems International GmbH - Bonn | Extern;M07c - 3409300061 - IT-Betriebsleistungen fÅr IT-Ausstattung Server - Extern;79109092 - Proj 1 H Technologie Mgmt;;;;;;SPL-3041 - Azure Cloud;;;;;2024-10-17T09:13:27.973Z;
189845;-141204,0896;-17356,75408;-17356,75408;-17356,75408;-17356,75408;-17356,75408;-17356,75408;-10122,46552;-15909,89425;-15909,89425;1626,229628;1626,229628;1626,229628;Geplant;5409 | AZURE_WESTEUROPE_AMS_PI_DMZ;[20241017 RBo] Anpassung an Abrechnungskosten der RBU 2024;5409;100%;Cloudservice Produktion;Bestand;T-Systems International GmbH - Bonn | Extern;M07c - 3409300061 - IT-Betriebsleistungen fÅr IT-Ausstattung Server - Extern;79109092 - Proj 1 H Technologie Mgmt;;;;;;SPL-3041 - Azure Cloud;;;;;2024-10-17T09:08:32.077Z;
189841;-21531,1158;-1794,25965;-1794,25965;-1794,25965;-1794,25965;-1794,25965;-1794,25965;-1794,25965;-1794,25965;-1794,25965;-1794,25965;-1794,25965;-1794,25965;Geplant;5410 | AZURE_WESTEUROPE_Connectivity_PI;[20241017 RBo] Anpassung an Abrechnungskosten der RBU 2024;5410;100%;Cloudservice Produktion;Bestand;T-Systems International GmbH - Bonn | Extern;M07c - 3409300061 - IT-Betriebsleistungen fÅr IT-Ausstattung Server - Extern;79109092 - Proj 1 H Technologie Mgmt;;;;;;SPL-3041 - Azure Cloud;;;;;2024-10-17T09:00:12.850Z;
189837;14343,69124;1235,049803;1235,049803;1235,049803;1235,049803;1235,049803;1235,049803;1235,049803;996,596603;996,596603;1235,049803;1235,049803;1235,049803;Geplant;5440 | AZURE_WESTEUROPE_NATIVE_CCC;[20241017 RBo] Anpassung an Abrechnungskosten der RBU 2024;5440;100%;Cloudservice Produktion;Bestand;T-Systems International GmbH - Bonn | Extern;M07c - 3409300061 - IT-Betriebsleistungen fÅr IT-Ausstattung Server - Extern;79109092 - Proj 1 H Technologie Mgmt;;;;;;SPL-3041 - Azure Cloud;;;;;2024-10-17T08:56:03.193Z;
189834;10066,28594;838,8571618;838,8571618;838,8571618;838,8571618;838,8571618;838,8571618;838,8571618;838,8571618;838,8571618;838,8571618;838,8571618;838,8571618;Geplant;5576 | AZURE_CAAS_PI;[20241017 RBo] Anpassung an die Abrechnungskosten der RBU 2024;5576;100%;Cloudservice Produktion;Bestand;T-Systems International GmbH - Bonn | Extern;M07c - 3409300061 - IT-Betriebsleistungen fÅr IT-Ausstattung Server - Extern;79109092 - Proj 1 H Technologie Mgmt;;;;;;SPL-3041 - Azure Cloud;;;;;2024-10-17T08:53:25.443Z;
189824;-142736,7714;-18943,70781;-18943,70781;-18943,70781;-18944,02575;-18944,24831;-18943,70781;-16884,44718;-18531,85145;-18531,85145;8291,49467;8291,49467;8291,49467;Geplant;5396 | AZURE_WESTEUROPE_AMS_PI_BU1;[20241017 RBo] Anpassung an Abrechnungskosten der RBU 2024;5396;100%;Cloudservice Produktion;Bestand;T-Systems International GmbH - Bonn | Extern;M07c - 3409300061 - IT-Betriebsleistungen fÅr IT-Ausstattung Server - Extern;79109092 - Proj 1 H Technologie Mgmt;;;;;;SPL-3041 - Azure Cloud;;;;;2024-10-17T08:42:17.140Z;
189822;-85535,96069;-7128,002023;-7128,002023;-7128,002023;-7128,002023;-7128,002023;-7128,002023;-7127,991425;-7127,991425;-7127,991425;-7127,991425;-7127,991425;-7127,991425;Geplant;5397 | AZURE_WESTEUROPE_AMS_NPI_BU1;[20241017 RBo] Anpassung an Abrechnungskosten der RBU 2024;5397;100%;NPI Infrastrukturen Cloud;Bestand;T-Systems International GmbH - Bonn | Extern;M07c - 3409300061 - IT-Betriebsleistungen fÅr IT-Ausstattung Server - Extern;79109092 - Proj 1 H Technologie Mgmt;;;;;;SPL-3041 - Azure Cloud;;;;;2024-10-17T08:34:38.407Z;
189782;-211978,8222;-17664,9098;-17664,9098;-17664,9098;-17664,8992;-17664,8992;-17664,8992;-17664,8992;-17664,8992;-17664,8992;-17664,8992;-17664,8992;-17664,8992;Geplant;5315 | Azure-MPS Global;[20241017 RBo] Anpassung an Abrechnungskosten der RBU 2024;5315;100%;Cloudservice Produktion;Bestand;T-Systems International GmbH - Bonn | Extern;M07c - 3409300061 - IT-Betriebsleistungen fÅr IT-Ausstattung Server - Extern;79109092 - Proj 1 H Technologie Mgmt;;;;;;SPL-3041 - Azure Cloud;;;;;2024-10-17T08:01:50.490Z;
189311;115093,4773;9591,123111;9591,123111;9591,123111;9591,123111;9591,123111;9591,123111;9591,123111;9591,123111;9591,123111;9591,123111;9591,123111;9591,123111;Geplant;5785 | Technisches Enablement von GenAI@P&P NPI - Run MehraufwÑnde;[AKM5120, 11.10.2024 Ausgangsplanwert];5785;100%;Cloudservice Produktion;Ausgangsplanwert;T-Systems International GmbH - Bonn | Extern;M07c - 3409300061 - IT-Betriebsleistungen fÅr IT-Ausstattung Server - Extern;79109092 - Proj 1 H Technologie Mgmt;;;;;;SPL-3041 - Azure Cloud;;;;;2024-10-11T08:56:10.710Z;
189310;238,4510804;0;0;0;0;0;0;0;238,4510804;0;0;0;0;Geplant;5785 | Technisches Enablement von GenAI@P&P NPI - Run MehraufwÑnde;[AKM5120, 11.10.2024 Ausgangsplanwert];5785;100%;Cloudservice Produktion;Ausgangsplanwert;T-Systems International GmbH - Bonn | Extern;M07c - 3409300061 - IT-Betriebsleistungen fÅr IT-Ausstattung Server - Extern;79109092 - Proj 1 H Technologie Mgmt;;;;;;SPL-3041 - Azure Cloud;;;;;2024-10-11T08:56:10.710Z;
189202;609985,2055;50832,10046;50832,10046;50832,10046;50832,10046;50832,10046;50832,10046;50832,10046;50832,10046;50832,10046;50832,10046;50832,10046;50832,10046;Geplant;5634 | Azure Connectivity Express Route Direct;[AKM5120, 11.10.2024 Ausgangsplanwert];5634;100%;Cloudservice Produktion;Ausgangsplanwert;T-Systems International GmbH - Bonn | Extern;M07c - 3409300061 - IT-Betriebsleistungen fÅr IT-Ausstattung Server - Extern;79109092 - Proj 1 H Technologie Mgmt;;;;;;SPL-3041 - Azure Cloud;;;;;2024-10-11T08:56:10.193Z;
189201;362422,9025;40269,26551;40269,67893;40269,09594;40269,09594;40269,25502;40269,14904;40269,09594;40269,09594;40269,17023;0;0;0;Geplant;5634 | Azure Connectivity Express Route Direct;[AKM5120, 11.10.2024 Ausgangsplanwert];5634;100%;Cloudservice Produktion;Ausgangsplanwert;T-Systems International GmbH - Bonn | Extern;M07c - 3409300061 - IT-Betriebsleistungen fÅr IT-Ausstattung Server - Extern;79109092 - Proj 1 H Technologie Mgmt;;;;;;SPL-3041 - Azure Cloud;;;;;2024-10-11T08:56:10.193Z;
189162;72597,51422;6049,792852;6049,792852;6049,792852;6049,792852;6049,792852;6049,792852;6049,792852;6049,792852;6049,792852;6049,792852;6049,792852;6049,792852;Geplant;5576 | AZURE_CAAS_PI;[AKM5120, 11.10.2024 Ausgangsplanwert];5576;100%;Cloudservice Produktion;Ausgangsplanwert;T-Systems International GmbH - Bonn | Extern;M07c - 3409300061 - IT-Betriebsleistungen fÅr IT-Ausstattung Server - Extern;79109092 - Proj 1 H Technologie Mgmt;;;;;;SPL-3041 - Azure Cloud;;;;;2024-10-11T08:56:10.037Z;
189108;83898,25267;6991,521056;6991,521056;6991,521056;6991,521056;6991,521056;6991,521056;6991,521056;6991,521056;6991,521056;6991,521056;6991,521056;6991,521056;Geplant;5506 | AZURE_CAAS_NPI;[AKM5120, 11.10.2024 Ausgangsplanwert];5506;100%;Cloudservice Produktion;Ausgangsplanwert;T-Systems International GmbH - Bonn | Extern;M07c - 3409300061 - IT-Betriebsleistungen fÅr IT-Ausstattung Server - Extern;79109092 - Proj 1 H Technologie Mgmt;;;;;;SPL-3041 - Azure Cloud;;;;;2024-10-11T08:56:09.880Z;
189068;48766,91855;4063,909879;4063,909879;4063,909879;4063,909879;4063,909879;4063,909879;4063,909879;4063,909879;4063,909879;4063,909879;4063,909879;4063,909879;Geplant;5440 | AZURE_WESTEUROPE_NATIVE_CCC;[AKM5120, 11.10.2024 Ausgangsplanwert];5440;100%;Cloudservice Produktion;Ausgangsplanwert;T-Systems International GmbH - Bonn | Extern;M07c - 3409300061 - IT-Betriebsleistungen fÅr IT-Ausstattung Server - Extern;79109092 - Proj 1 H Technologie Mgmt;;;;;;SPL-3041 - Azure Cloud;;;;;2024-10-11T08:56:09.677Z;
189067;476,9021608;0;0;0;0;0;0;0;238,4510804;238,4510804;0;0;0;Geplant;5440 | AZURE_WESTEUROPE_NATIVE_CCC;[AKM5120, 11.10.2024 Ausgangsplanwert];5440;100%;Cloudservice Produktion;Ausgangsplanwert;T-Systems International GmbH - Bonn | Extern;M07c - 3409300061 - IT-Betriebsleistungen fÅr IT-Ausstattung Server - Extern;79109092 - Proj 1 H Technologie Mgmt;;;;;;SPL-3041 - Azure Cloud;;;;;2024-10-11T08:56:09.677Z;
189043;20297,87654;1691,489712;1691,489712;1691,489712;1691,489712;1691,489712;1691,489712;1691,489712;1691,489712;1691,489712;1691,489712;1691,489712;1691,489712;Geplant;5413 | AZURE_WESTEUROPE_Connectivity_NPI;[AKM5120, 11.10.2024 Ausgangsplanwert];5413;100%;NPI Infrastrukturen Cloud;Ausgangsplanwert;T-Systems International GmbH - Bonn | Extern;M07c - 3409300061 - IT-Betriebsleistungen fÅr IT-Ausstattung Server - Extern;79109092 - Proj 1 H Technologie Mgmt;;;;;;SPL-3041 - Azure Cloud;;;;;2024-10-11T08:56:09.617Z;
189042;317213,0584;26434,42153;26434,42153;26434,42153;26434,42153;26434,42153;26434,42153;26434,42153;26434,42153;26434,42153;26434,42153;26434,42153;26434,42153;Geplant;5410 | AZURE_WESTEUROPE_Connectivity_PI;[AKM5120, 11.10.2024 Ausgangsplanwert];5410;100%;Cloudservice Produktion;Ausgangsplanwert;T-Systems International GmbH - Bonn | Extern;M07c - 3409300061 - IT-Betriebsleistungen fÅr IT-Ausstattung Server - Extern;79109092 - Proj 1 H Technologie Mgmt;;;;;;SPL-3041 - Azure Cloud;;;;;2024-10-11T08:56:09.617Z;
189041;425597,8641;35466,48868;35466,48868;35466,48868;35466,48868;35466,48868;35466,48868;35466,48868;35466,48868;35466,48868;35466,48868;35466,48868;35466,48868;Geplant;5409 | AZURE_WESTEUROPE_AMS_PI_DMZ;[AKM5120, 11.10.2024 Ausgangsplanwert];5409;100%;Cloudservice Produktion;Ausgangsplanwert;T-Systems International GmbH - Bonn | Extern;M07c - 3409300061 - IT-Betriebsleistungen fÅr IT-Ausstattung Server - Extern;79109092 - Proj 1 H Technologie Mgmt;;;;;;SPL-3041 - Azure Cloud;;;;;2024-10-11T08:56:09.617Z;
189040;160718,8865;18982,98805;18982,98805;18982,98805;18982,98805;18982,98805;18982,98805;11748,69811;17536,13002;17536,13002;0;0;0;Geplant;5409 | AZURE_WESTEUROPE_AMS_PI_DMZ;[AKM5120, 11.10.2024 Ausgangsplanwert];5409;100%;Cloudservice Produktion;Ausgangsplanwert;T-Systems International GmbH - Bonn | Extern;M07c - 3409300061 - IT-Betriebsleistungen fÅr IT-Ausstattung Server - Extern;79109092 - Proj 1 H Technologie Mgmt;;;;;;SPL-3041 - Azure Cloud;;;;;2024-10-11T08:56:09.617Z;
189039;255387,6528;21282,3044;21282,3044;21282,3044;21282,3044;21282,3044;21282,3044;21282,3044;21282,3044;21282,3044;21282,3044;21282,3044;21282,3044;Geplant;5408 | AZURE_WESTEUROPE_AMS_NPI_DMZ;[AKM5120, 11.10.2024 Ausgangsplanwert];5408;100%;NPI Infrastrukturen Cloud;Ausgangsplanwert;T-Systems International GmbH - Bonn | Extern;M07c - 3409300061 - IT-Betriebsleistungen fÅr IT-Ausstattung Server - Extern;79109092 - Proj 1 H Technologie Mgmt;;;;;;SPL-3041 - Azure Cloud;;;;;2024-10-11T08:56:09.617Z;
189038;122510,9101;14737,65715;14737,65715;14737,65715;14737,65715;14737,65715;14737,65715;7503,368374;13290,79944;13290,79944;0;0;0;Geplant;5408 | AZURE_WESTEUROPE_AMS_NPI_DMZ;[AKM5120, 11.10.2024 Ausgangsplanwert];5408;100%;NPI Infrastrukturen Cloud;Ausgangsplanwert;T-Systems International GmbH - Bonn | Extern;M07c - 3409300061 - IT-Betriebsleistungen fÅr IT-Ausstattung Server - Extern;79109092 - Proj 1 H Technologie Mgmt;;;;;;SPL-3041 - Azure Cloud;;;;;2024-10-11T08:56:09.617Z;
189034;24197,81869;2016,484891;2016,484891;2016,484891;2016,484891;2016,484891;2016,484891;2016,484891;2016,484891;2016,484891;2016,484891;2016,484891;2016,484891;Geplant;5400 | AZURE_WESTEUROPE_AD;[AKM5120, 11.10.2024 Ausgangsplanwert];5400;100%;Cloudservice Produktion;Ausgangsplanwert;T-Systems International GmbH - Bonn | Extern;M07c - 3409300061 - IT-Betriebsleistungen fÅr IT-Ausstattung Server - Extern;79109092 - Proj 1 H Technologie Mgmt;;;;;;SPL-3041 - Azure Cloud;;;;;2024-10-11T08:56:09.617Z;
189033;13510,35485;1501,150539;1501,150539;1501,150539;1501,150539;1501,150539;1501,150539;1501,150539;1501,150539;1501,150539;0;0;0;Geplant;5400 | AZURE_WESTEUROPE_AD;[AKM5120, 11.10.2024 Ausgangsplanwert];5400;100%;Cloudservice Produktion;Ausgangsplanwert;T-Systems International GmbH - Bonn | Extern;M07c - 3409300061 - IT-Betriebsleistungen fÅr IT-Ausstattung Server - Extern;79109092 - Proj 1 H Technologie Mgmt;;;;;;SPL-3041 - Azure Cloud;;;;;2024-10-11T08:56:09.617Z;
189032;435267,322;36272,27683;36272,27683;36272,27683;36272,27683;36272,27683;36272,27683;36272,27683;36272,27683;36272,27683;36272,27683;36272,27683;36272,27683;Geplant;5397 | AZURE_WESTEUROPE_AMS_NPI_BU1;[AKM5120, 11.10.2024 Ausgangsplanwert];5397;100%;NPI Infrastrukturen Cloud;Ausgangsplanwert;T-Systems International GmbH - Bonn | Extern;M07c - 3409300061 - IT-Betriebsleistungen fÅr IT-Ausstattung Server - Extern;79109092 - Proj 1 H Technologie Mgmt;;;;;;SPL-3041 - Azure Cloud;;;;;2024-10-11T08:56:09.617Z;
189031;663552,3447;55296,02872;55296,02872;55296,02872;55296,02872;55296,02872;55296,02872;55296,02872;55296,02872;55296,02872;55296,02872;55296,02872;55296,02872;Geplant;5396 | AZURE_WESTEUROPE_AMS_PI_BU1;[AKM5120, 11.10.2024 Ausgangsplanwert];5396;100%;Cloudservice Produktion;Ausgangsplanwert;T-Systems International GmbH - Bonn | Extern;M07c - 3409300061 - IT-Betriebsleistungen fÅr IT-Ausstattung Server - Extern;79109092 - Proj 1 H Technologie Mgmt;;;;;;SPL-3041 - Azure Cloud;;;;;2024-10-11T08:56:09.617Z;
189030;242234,6748;27235,19846;27235,19846;27235,19846;27235,51629;27235,73895;27235,19846;25175,93453;26823,34559;26823,34559;0;0;0;Geplant;5396 | AZURE_WESTEUROPE_AMS_PI_BU1;[AKM5120, 11.10.2024 Ausgangsplanwert];5396;100%;Cloudservice Produktion;Ausgangsplanwert;T-Systems International GmbH - Bonn | Extern;M07c - 3409300061 - IT-Betriebsleistungen fÅr IT-Ausstattung Server - Extern;79109092 - Proj 1 H Technologie Mgmt;;;;;;SPL-3041 - Azure Cloud;;;;;2024-10-11T08:56:09.617Z;
189004;508720,5818;42393,38181;42393,38181;42393,38181;42393,38181;42393,38181;42393,38181;42393,38181;42393,38181;42393,38181;42393,38181;42393,38181;42393,38181;Geplant;5315 | Azure-MPS Global;[AKM5120, 11.10.2024 Ausgangsplanwert];5315;100%;Cloudservice Produktion;Ausgangsplanwert;T-Systems International GmbH - Bonn | Extern;M07c - 3409300061 - IT-Betriebsleistungen fÅr IT-Ausstattung Server - Extern;79109092 - Proj 1 H Technologie Mgmt;;;;;;SPL-3041 - Azure Cloud;;;;;2024-10-11T08:56:09.460Z;
186904;16553,28;1379,44;1379,44;1379,44;1379,44;1379,44;1379,44;1379,44;1379,44;1379,44;1379,44;1379,44;1379,44;Geplant;19C-4610_M7C_ITS | POC_Google_Projekt | 19C-4610_M7C_ITS | POC_Google_Projekt;[AKM5120, 11.10.2024 Ausgangsplanwert];;100%;Cloudservice Produktion;Ausgangsplanwert;Deutsche Post IT Services GmbH  | Intern;M07c - 3410120011 - Konzernintern bezogene IT-Betriebsleistungen fÅr Mainframe und Server bei DP ITS - Intern;79109092 - Proj 1 H Technologie Mgmt;;;;;;SPL-3041 - Azure Cloud;;;;;2024-10-11T08:55:38.737Z;
Gebunden;2038008,335;343515,5185;236631,023;146784,3583;146784,3583;146784,3583;146784,3583;146784,3583;145041,0005;145041,0005;145041,0005;145041,0005;143776,0005;;;;;;;;;;;;;;;;;;;;;;
Geplant abzgl. Gebunden;1733916,224;-84548,49825;71647,31498;189817,4971;101539,4931;132440,044;82804,78405;485525,7603;137776,2088;137537,7578;148866,7666;163102,1688;167406,9267;;;;;;;;;;;;;;;;;;;;;;
Ist;1389452,611;254832,0425;304143,376;343427,4201;233228,3418;253821,4302;0;0;0;0;0;0;0;;;;;;;;;;;;;;;;;;;;;;
